Length,B.n,time
0.0,0.04586215787855946,0.0
0.0023065933781434107,0.0466957158924682,4.1666666666666665e-05
0.004613186756286821,0.04784505267805944,8.333333333333333e-05
0.006919780134430232,0.04734793446135179,0.000125
0.009226373512573643,0.04588724307627012,0.00016666666666666666
0.011532966890717054,0.04586517346340806,0.00020833333333333332
0.013839560268860464,0.04722153301588284,0.00025
0.016146153647003874,0.04730079806950557,0.00029166666666666664
0.018452747025147286,0.04545908533986975,0.0003333333333333333
0.020759340403290697,0.04450112250883343,0.000375
0.02306593378143411,0.04596216536771237,0.00041666666666666664
0.025372527159577517,0.04714190284238014,0.0004583333333333333
0.02767912053772093,0.04550716867932544,0.0005
0.02998571391586434,0.04336433936248389,0.0005416666666666666
0.03229230729400775,0.04437953639392898,0.0005833333333333333
0.03459890067215116,0.04717366504980337,0.000625
0.03690549405029457,0.04702596418212878,0.0006666666666666666
0.03921208742843798,0.04356012081459409,0.0007083333333333333
0.041518680806581394,0.0415401429277975,0.00075
0.0438252741847248,0.04271111812922322,0.0007916666666666666
0.04613186756286822,0.04202588804658804,0.0008333333333333333
0.048438460941011625,0.03509197563371372,0.000875
0.050745054319155034,0.0247218468408393,0.0009166666666666666
0.05305164769729845,0.01508812696856992,0.0009583333333333333
0.05535824107544186,0.002836214012846994,0.001
0.057664834453585265,-0.01906637626752258,0.0010416666666666667
0.05997142783172868,-0.04978171815587758,0.0010833333333333333
0.06227802120987209,-0.08092144035504514,0.001125
0.0645846145880155,-0.1102032387362903,0.0011666666666666665
0.06689120796615891,-0.1465417286277944,0.0012083333333333334
0.06919780134430233,-0.1959343710863403,0.00125
0.07150439472244573,-0.2488898846071943,0.0012916666666666667
0.07381098810058914,-0.2911435922307759,0.0013333333333333333
0.07611758147873256,-0.3243122628963079,0.001375
0.07842417485687596,-0.3651534305562228,0.0014166666666666666
0.08073076823501937,-0.4219325898550523,0.0014583333333333332
0.08303736161316279,-0.4811459788101328,0.0015
0.08534395499130619,-0.5242083092915889,0.0015416666666666667
0.0876505483694496,-0.5506364902963036,0.0015833333333333333
0.08995714174759302,-0.575609820219358,0.001625
0.09226373512573643,-0.6075984045990175,0.0016666666666666666
0.09457032850387984,-0.6389460907532538,0.0017083333333333332
0.09687692188202325,-0.6602588276228825,0.00175
0.09918351526016667,-0.6744105721117076,0.0017916666666666667
0.10149010863831007,-0.6901622202314274,0.0018333333333333333
0.10379670201645348,-0.7081682820688302,0.001875
0.1061032953945969,-0.7216025984785103,0.0019166666666666666
0.1084098887727403,-0.7284401757194903,0.001958333333333333
0.11071648215088371,-0.7348619273812588,0.002
0.11302307552902713,-0.7453571797120103,0.0020416666666666665
0.11532966890717053,-0.756368326450644,0.0020833333333333333
0.11763626228531394,-0.7631018498798979,0.0021249999999999997
0.11994285566345736,-0.7674790378186503,0.0021666666666666666
0.12224944904160076,-0.7745194827708005,0.0022083333333333334
0.12455604241974418,-0.7839508919351829,0.00225
0.1268626357978876,-0.7908789903620598,0.0022916666666666667
0.129169229176031,-0.7937630755402941,0.002333333333333333
0.13147582255417442,-0.7963749075139416,0.002375
0.13378241593231782,-0.8010396936980773,0.002416666666666667
0.13608900931046122,-0.8046274882765951,0.002458333333333333
0.13839560268860465,-0.8035663024703454,0.0025
0.14070219606674805,-0.7993385602641923,0.0025416666666666665
0.14300878944489145,-0.7958649380829641,0.0025833333333333333
0.14531538282303488,-0.7937423958756485,0.0026249999999999997
0.14762197620117828,-0.7906696264816532,0.0026666666666666666
0.14992856957932169,-0.7864389071971097,0.0027083333333333334
0.15223516295746511,-0.7836952793662918,0.00275
0.15454175633560852,-0.783601691102398,0.0027916666666666667
0.15684834971375192,-0.7842340302467772,0.002833333333333333
0.15915494309189535,-0.7843556227580072,0.002875
0.16146153647003875,-0.7856999046197083,0.0029166666666666664
0.16376812984818215,-0.7895608066275248,0.002958333333333333
0.16607472322632558,-0.7936327505454469,0.003
0.16838131660446898,-0.7950333524427183,0.0030416666666666665
0.17068790998261238,-0.7949316187424862,0.0030833333333333333
0.1729945033607558,-0.7969356408186262,0.0031249999999999997
0.1753010967388992,-0.8013397582281211,0.0031666666666666666
0.1776076901170426,-0.8043114124240827,0.0032083333333333334
0.17991428349518604,-0.8034196954426502,0.00325
0.18222087687332944,-0.8008606379226983,0.0032916666666666667
0.18452747025147287,-0.7995656196759594,0.003333333333333333
0.18683406362961627,-0.7987303309548901,0.003375
0.18914065700775967,-0.7957753317901237,0.0034166666666666664
0.1914472503859031,-0.7910144386441582,0.0034583333333333332
0.1937538437640465,-0.787221536232273,0.0035
0.1960604371421899,-0.7852246355270462,0.0035416666666666665
0.19836703052033333,-0.7832645916634683,0.0035833333333333333
0.20067362389847673,-0.7810134078490938,0.0036249999999999998
0.20298021727662013,-0.7807326000558401,0.0036666666666666666
0.20528681065476356,-0.7829039426252685,0.003708333333333333
0.20759340403290696,-0.7839346984175499,0.00375
0.20989999741105037,-0.7810895997562056,0.0037916666666666667
0.2122065907891938,-0.7773316406518797,0.003833333333333333
0.2145131841673372,-0.7772192917959764,0.003875
0.2168197775454806,-0.7789575183777481,0.003916666666666666
0.21912637092362403,-0.7752014325269629,0.003958333333333333
0.22143296430176743,-0.7622642975618077,0.004
0.22373955767991083,-0.7430654471171327,0.0040416666666666665
0.22604615105805426,-0.717774084663314,0.004083333333333333
0.22835274443619766,-0.676840495310476,0.004125
0.23065933781434106,-0.610966210410523,0.004166666666666667
0.2329659311924845,-0.5277268846851983,0.004208333333333333
0.2352725245706279,-0.4508095256006118,0.0042499999999999994
0.2375791179487713,-0.398677175783165,0.004291666666666667
0.23988571132691472,-0.3679775976991977,0.004333333333333333
0.24219230470505812,-0.3421569625517938,0.0043749999999999995
0.24449889808320152,-0.3128447752173129,0.004416666666666667
0.24680549146134495,-0.2863000549102006,0.004458333333333333
0.24911208483948835,-0.2698774971058606,0.0045
0.25141867821763175,-0.2603545184656492,0.004541666666666667
0.2537252715957752,-0.2496484861304467,0.004583333333333333
0.2560318649739186,-0.2365697208599921,0.004625
0.258338458352062,-0.2264845777581696,0.004666666666666666
0.2606450517302054,-0.2213539059175222,0.0047083333333333335
0.26295164510834884,-0.2167857185947624,0.00475
0.2652582384864922,-0.2098432009798054,0.004791666666666666
0.26756483186463564,-0.2039578429914092,0.004833333333333334
0.2698714252427791,-0.2030034768335764,0.004875
0.27217801862092245,-0.2046693434700853,0.004916666666666666
0.2744846119990659,-0.2040222634936292,0.004958333333333333
0.2767912053772093,-0.2011802622638796,0.005
0.2790977987553527,-0.2005625748261685,0.0050416666666666665
0.2814043921334961,-0.2033888528759205,0.005083333333333333
0.28371098551163954,-0.2060800347387056,0.005125
0.2860175788897829,-0.206936565528429,0.005166666666666667
0.28832417226792634,-0.2094019423875372,0.005208333333333333
0.29063076564606977,-0.2160697067108057,0.0052499999999999995
0.29293735902421314,-0.2236644522549826,0.005291666666666667
0.29524395240235657,-0.2282301827808186,0.005333333333333333
0.2975505457805,-0.2325346211900956,0.005375
0.29985713915864337,-0.2429296882180398,0.005416666666666667
0.3021637325367868,-0.2597518275739209,0.005458333333333333
0.30447032591493023,-0.276749267216604,0.0055
0.3067769192930736,-0.2912409205508891,0.005541666666666666
0.30908351267121703,-0.3090651048957623,0.005583333333333333
0.31139010604936046,-0.3361538397532132,0.005625
0.31369669942750383,-0.3704931919649976,0.005666666666666666
0.31600329280564726,-0.4084490670272898,0.0057083333333333335
0.3183098861837907,-0.4555547495288582,0.00575
0.32061647956193406,-0.5217373714599578,0.005791666666666666
0.3229230729400775,-0.6036306912292863,0.005833333333333333
0.3252296663182209,-0.6792902806333697,0.005875
0.3275362596963643,-0.7268502943801946,0.005916666666666666
0.3298428530745077,-0.745598500954902,0.005958333333333333
0.33214944645265115,-0.7532008047040936,0.006
0.3344560398307945,-0.7639718976004855,0.0060416666666666665
0.33676263320893796,-0.7763519806637599,0.006083333333333333
0.3390692265870814,-0.782173201126868,0.006124999999999999
0.34137581996522476,-0.7808271101940119,0.006166666666666667
0.3436824133433682,-0.7791564050975628,0.006208333333333333
0.3459890067215116,-0.7811186778489075,0.0062499999999999995
0.348295600099655,-0.783862040388915,0.006291666666666667
0.3506021934777984,-0.7839429840139592,0.006333333333333333
0.35290878685594185,-0.7824685609827282,0.006375
0.3552153802340852,-0.7823783526791044,0.006416666666666667
0.35752197361222865,-0.784053113590509,0.006458333333333333
0.3598285669903721,-0.7861101240889175,0.0065
0.36213516036851545,-0.7885317387487455,0.006541666666666666
0.3644417537466589,-0.7923326935946207,0.006583333333333333
0.3667483471248023,-0.7969666377015757,0.006625
0.36905494050294574,-0.8004526000234968,0.006666666666666666
0.3713615338810891,-0.8020160927525117,0.0067083333333333335
0.37366812725923254,-0.8026986733313831,0.00675
0.37597472063737597,-0.8031081453449208,0.006791666666666666
0.37828131401551934,-0.8023023508819415,0.006833333333333333
0.38058790739366277,-0.7996067631708943,0.006875
0.3828945007718062,-0.7961609985995188,0.0069166666666666664
0.3852010941499496,-0.7935848836946241,0.006958333333333333
0.387507687528093,-0.7918971119642984,0.007
0.38981428090623643,-0.7898186104679839,0.0070416666666666666
0.3921208742843798,-0.7867857765622819,0.007083333333333333
0.39442746766252323,-0.783778028505586,0.007124999999999999
0.39673406104066666,-0.7822377410203271,0.007166666666666667
0.39904065441881004,-0.7827868749582563,0.007208333333333333
0.40134724779695347,-0.7849531523138857,0.0072499999999999995
0.4036538411750969,-0.7876885579179355,0.007291666666666667
0.40596043455324027,-0.7901933043303094,0.007333333333333333
0.4082670279313837,-0.7925065898156306,0.007375
0.4105736213095271,-0.7950878681092908,0.007416666666666666
0.4128802146876705,-0.7976469962235592,0.007458333333333333
0.41518680806581393,-0.7989908441366428,0.0075
0.41749340144395736,-0.7985328454934476,0.007541666666666666
0.41979999482210073,-0.7971796581010295,0.007583333333333333
0.42210658820024416,-0.7956983813659612,0.007625
0.4244131815783876,-0.7928837026100634,0.007666666666666666
0.42671977495653096,-0.7869952538145696,0.007708333333333333
0.4290263683346744,-0.7788722458556283,0.00775
0.4313329617128178,-0.7715845828924107,0.007791666666666666
0.4336395550909612,-0.7663514819057654,0.007833333333333333
0.4359461484691046,-0.7608692546532888,0.007875
0.43825274184724805,-0.7530653934797332,0.007916666666666666
0.4405593352253914,-0.7444699177626927,0.007958333333333333
0.44286592860353485,-0.7374015427312498,0.008
0.4451725219816783,-0.7302813218679742,0.008041666666666666
0.44747911535982166,-0.7193453672947189,0.008083333333333333
0.4497857087379651,-0.704949907297373,0.008125
0.4520923021161085,-0.6920441252178747,0.008166666666666666
0.4543988954942519,-0.6825185272623449,0.008208333333333333
0.4567054888723953,-0.6706695731296928,0.00825
0.45901208225053874,-0.6497717568397209,0.008291666666666666
0.4613186756286821,-0.6208525460853025,0.008333333333333333
0.46362526900682555,-0.5903702503134968,0.008375
0.465931862384969,-0.559929865266981,0.008416666666666666
0.46823845576311235,-0.5237605573219325,0.008458333333333333
0.4705450491412558,-0.4781796633642269,0.008499999999999999
0.4728516425193992,-0.4286066274749552,0.008541666666666666
0.4751582358975426,-0.3828796115527137,0.008583333333333333
0.477464829275686,-0.3404331134914002,0.008624999999999999
0.47977142265382944,-0.2935863075735831,0.008666666666666666
0.4820780160319728,-0.2393935655903864,0.008708333333333334
0.48438460941011624,-0.1851173475023671,0.008749999999999999
0.48669120278825967,-0.1400511834925307,0.008791666666666666
0.48899779616640304,-0.1056910461998595,0.008833333333333334
0.49130438954454647,-0.07680274121653963,0.008875
0.4936109829226899,-0.04937857360298568,0.008916666666666666
0.4959175763008333,-0.02376212732593016,0.008958333333333334
0.4982241696789767,-0.001347261791431945,0.009
0.5005307630571201,0.01744008175151484,0.009041666666666667
0.5028373564352635,0.03136313439505559,0.009083333333333334
0.5051439498134069,0.03832894346299742,0.009125
0.5074505431915504,0.03902487260898963,0.009166666666666667
0.5097571365696938,0.03817147733979812,0.009208333333333332
0.5120637299478372,0.0399084725784185,0.00925
0.5143703233259805,0.04339972987317826,0.009291666666666667
0.516676916704124,0.04513740555955237,0.009333333333333332
0.5189835100822674,0.04439656258933927,0.009375
0.5212901034604108,0.04380013826301763,0.009416666666666667
0.5235966968385543,0.04491447052631868,0.009458333333333332
0.5259032902166977,0.04617277641943527,0.0095
0.528209883594841,0.04591174629529003,0.009541666666666667
0.5305164769729844,0.04507504191298836,0.009583333333333333
0.5328230703511279,0.04539151878837192,0.009625
0.5351296637292713,0.04651596722481754,0.009666666666666667
0.5374362571074147,0.04683919622020111,0.009708333333333333
0.5397428504855581,0.0462319694070453,0.00975
0.5420494438637015,0.04607656595960435,0.009791666666666666
0.5443560372418449,0.04685003075643528,0.009833333333333333
0.5466626306199883,0.04744403263750329,0.009875
0.5489692239981318,0.04710468256329905,0.009916666666666666
0.5512758173762752,0.04654900184607613,0.009958333333333333
0.5535824107544186,0.04660572989761935,0.01
0.5558890041325619,0.04693789994110207,0.010041666666666666
0.5581955975107054,0.04685003997479963,0.010083333333333333
0.5605021908888488,0.04646845156221854,0.010125
0.5628087842669922,0.04631588388096988,0.010166666666666666
0.5651153776451356,0.04636853027579027,0.010208333333333333
0.5674219710232791,0.04632503794401601,0.01025
0.5697285644014224,0.04630154096499489,0.010291666666666666
0.5720351577795658,0.04649717179827413,0.010333333333333333
0.5743417511577092,0.04663109114379903,0.010374999999999999
0.5766483445358527,0.04650082739986087,0.010416666666666666
0.5789549379139961,0.04662144283109309,0.010458333333333333
0.5812615312921395,0.04737316796733995,0.010499999999999999
0.5835681246702829,0.04800632972772858,0.010541666666666666
0.5858747180484263,0.04777380445255999,0.010583333333333333
0.5881813114265697,0.04771248949459425,0.010624999999999999
0.5904879048047131,0.04940897791394103,0.010666666666666666
0.5927944981828566,0.0514059554919778,0.010708333333333334
0.595101091561,0.04858632785487504,0.01075
0.5974076849391434,0.03667455268360766,0.010791666666666666
0.5997142783172867,0.01680675866097424,0.010833333333333334
0.6020208716954302,-0.005199449231994282,0.010875
0.6043274650735736,-0.02323264042177122,0.010916666666666667
0.606634058451717,-0.03366416541694867,0.010958333333333334
0.6089406518298605,-0.03541227589846609,0.011
0.6112472452080039,-0.02982312530328144,0.011041666666666667
0.6135538385861472,-0.02021775813964974,0.011083333333333332
0.6158604319642906,-0.00880380448161336,0.011125
0.6181670253424341,0.006779858614308954,0.011166666666666667
0.6204736187205775,0.03132618369240936,0.011208333333333332
0.6227802120987209,0.06477543266731739,0.01125
0.6250868054768643,0.09920442959319703,0.011291666666666667
0.6273933988550077,0.1258792230380389,0.011333333333333332
0.6296999922331511,0.1444426923572876,0.011375
0.6320065856112945,0.1622244866022852,0.011416666666666667
0.634313178989438,0.1845560247287577,0.011458333333333333
0.6366197723675814,0.2088989794699975,0.0115
0.6389263657457248,0.229463559428141,0.011541666666666667
0.6412329591238681,0.2443596233797111,0.011583333333333333
0.6435395525020116,0.255544447967253,0.011625
0.645846145880155,0.2638161514521165,0.011666666666666665
0.6481527392582984,0.267640347441697,0.011708333333333333
0.6504593326364418,0.2669535543000181,0.01175
0.6527659260145853,0.2649231755955768,0.011791666666666666
0.6550725193927286,0.26459899824933,0.011833333333333333
0.657379112770872,0.2657936103454176,0.011875
0.6596857061490154,0.2667338204870001,0.011916666666666666
0.6619922995271589,0.2673839415841798,0.011958333333333333
0.6642988929053023,0.2694988929031273,0.012
0.6666054862834457,0.2742446470998075,0.012041666666666666
0.668912079661589,0.2814308874565294,0.012083333333333333
0.6712186730397325,0.290771506659825,0.012125
0.6735252664178759,0.3024302026399713,0.012166666666666666
0.6758318597960193,0.3163512631104226,0.012208333333333333
0.6781384531741628,0.3324412070157897,0.012249999999999999
0.6804450465523062,0.351939024692777,0.012291666666666666
0.6827516399304495,0.3780637044658428,0.012333333333333333
0.685058233308593,0.4152013787534867,0.012374999999999999
0.6873648266867364,0.4672739996590259,0.012416666666666666
0.6896714200648798,0.5347630790497878,0.012458333333333333
0.6919780134430232,0.6105365666997599,0.012499999999999999
0.6942846068211667,0.6792695184113317,0.012541666666666666
0.69659120019931,0.7255605636553651,0.012583333333333334
0.6988977935774534,0.7459873902915123,0.012624999999999999
0.7012043869555968,0.7518165404540778,0.012666666666666666
0.7035109803337403,0.7572845619899617,0.012708333333333334
0.7058175737118837,0.766186680056321,0.01275
0.7081241670900271,0.7724163358695831,0.012791666666666666
0.7104307604681704,0.7719391065542566,0.012833333333333334
0.7127373538463139,0.7690740815499117,0.012875
0.7150439472244573,0.7695956250568993,0.012916666666666667
0.7173505406026007,0.7724873539488313,0.012958333333333332
0.7196571339807442,0.7727465682825306,0.013
0.7219637273588876,0.7699511233121539,0.013041666666666667
0.7242703207370309,0.7690545936736375,0.013083333333333332
0.7265769141151743,0.77277883683665,0.013125
0.7288835074933178,0.7778103478871794,0.013166666666666667
0.7311901008714612,0.7801827083454846,0.013208333333333332
0.7334966942496046,0.7808250329536153,0.01325
0.735803287627748,0.7830412369559538,0.013291666666666667
0.7381098810058915,0.7869306224905819,0.013333333333333332
0.7404164743840348,0.7896648334798557,0.013375
0.7427230677621782,0.7901287663171747,0.013416666666666667
0.7450296611403217,0.7898466205046452,0.013458333333333333
0.7473362545184651,0.7894310795951996,0.0135
0.7496428478966085,0.7874584676967986,0.013541666666666665
0.7519494412747519,0.7837418633114963,0.013583333333333333
0.7542560346528953,0.7807350020803936,0.013625
0.7565626280310387,0.779917704047109,0.013666666666666666
0.7588692214091821,0.7791296272588948,0.013708333333333333
0.7611758147873255,0.7758946881641264,0.01375
0.763482408165469,0.7717918876116959,0.013791666666666666
0.7657890015436124,0.770640958703252,0.013833333333333333
0.7680955949217557,0.7730212123841389,0.013875
0.7704021882998991,0.7756715507067152,0.013916666666666666
0.7727087816780426,0.7766669851490984,0.013958333333333333
0.775015375056186,0.7782092138556391,0.014
0.7773219684343294,0.7828372562727987,0.014041666666666666
0.7796285618124729,0.7891864587864568,0.014083333333333333
0.7819351551906162,0.793695036717886,0.014124999999999999
0.7842417485687596,0.7951685630343697,0.014166666666666666
0.786548341946903,0.795293756306903,0.014208333333333333
0.7888549353250465,0.7952299872598265,0.014249999999999999
0.7911615287031899,0.7941255235919131,0.014291666666666666
0.7934681220813333,0.791237162357932,0.014333333333333333
0.7957747154594766,0.7873795053116358,0.014374999999999999
0.7980813088376201,0.7834587528560595,0.014416666666666666
0.8003879022157635,0.7792706619974973,0.014458333333333333
0.8026944955939069,0.7748750816008518,0.014499999999999999
0.8050010889720504,0.7717744711257525,0.014541666666666666
0.8073076823501938,0.7712263709642659,0.014583333333333334
0.8096142757283371,0.7722499317371496,0.014624999999999999
0.8119208691064805,0.7729561464956868,0.014666666666666666
0.814227462484624,0.7735047659093102,0.014708333333333334
0.8165340558627674,0.776067589517194,0.01475
0.8188406492409108,0.7816320818759985,0.014791666666666667
0.8211472426190543,0.788234413362095,0.014833333333333332
0.8234538359971976,0.7929626467336319,0.014875
0.825760429375341,0.7947773136838392,0.014916666666666667
0.8280670227534844,0.7947952565745319,0.014958333333333332
0.8303736161316279,0.7945862806719419,0.015
0.8326802095097713,0.7947961734266834,0.015041666666666667
0.8349868028879147,0.794777856178958,0.015083333333333332
0.837293396266058,0.7929628760132794,0.015125
0.8395999896442015,0.7882347542301019,0.015166666666666667
0.8419065830223449,0.7816305450785599,0.015208333333333332
0.8442131764004883,0.77606280329151,0.01525
0.8465197697786317,0.7735012377081361,0.015291666666666667
0.8488263631567752,0.772960652294099,0.015333333333333332
0.8511329565349185,0.772262395934934,0.015375
0.8534395499130619,0.7712409849276084,0.015416666666666665
0.8557461432912054,0.7717910277430451,0.015458333333333333
0.8580527366693488,0.774901277025858,0.0155
0.8603593300474922,0.7793098770877183,0.015541666666666665
0.8626659234256356,0.7835037758198931,0.015583333333333333
0.864972516803779,0.7874238041333982,0.015625
0.8672791101819224,0.7912841726597141,0.015666666666666666
0.8695857035600658,0.7941788610076492,0.01570833333333333
0.8718922969382092,0.7952825167048939,0.01575
0.8741988903163527,0.7953382617975958,0.015791666666666666
0.8765054836944961,0.7952139705434182,0.01583333333333333
0.8788120770726394,0.7937574763702366,0.015875
0.8811186704507828,0.7892657017715347,0.015916666666666666
0.8834252638289263,0.782917516491032,0.01595833333333333
0.8857318572070697,0.7782846353329845,0.016
0.8880384505852131,0.7767487864047613,0.016041666666666666
0.8903450439633566,0.7757640405093726,0.01608333333333333
0.8926516373415,0.7731101835629121,0.016125
0.8949582307196433,0.7707198884854064,0.016166666666666666
0.8972648240977867,0.7718832507089369,0.01620833333333333
0.8995714174759302,0.7760243638271216,0.01625
0.9018780108540736,0.7792898905407825,0.016291666666666666
0.904184604232217,0.7800788467623034,0.01633333333333333
0.9064911976103605,0.7808879677854562,0.016375
0.9087977909885038,0.7839017599937448,0.016416666666666666
0.9111043843666472,0.7876255976289979,0.016458333333333332
0.9134109777447906,0.7895829411697113,0.0165
0.9157175711229341,0.7899841868351263,0.016541666666666666
0.9180241645010775,0.790299564890402,0.016583333333333332
0.9203307578792209,0.7899093592631236,0.016625
0.9226373512573642,0.7872219507723847,0.016666666666666666
0.9249439446355077,0.7833084894593245,0.016708333333333332
0.9272505380136511,0.7810250913986858,0.01675
0.9295571313917945,0.7803131978136648,0.016791666666666667
0.931863724769938,0.7778612594152648,0.016833333333333332
0.9341703181480814,0.7727285734711005,0.016875
0.9364769115262247,0.7689385331596169,0.016916666666666667
0.9387835049043681,0.7698836157812888,0.016958333333333332
0.9410900982825116,0.7728133582002308,0.016999999999999998
0.943396691660655,0.7726202378944734,0.017041666666666667
0.9457032850387984,0.7696052395003472,0.017083333333333332
0.9480098784169418,0.7688336294142335,0.017124999999999998
0.9503164717950852,0.7715223020943515,0.017166666666666667
0.9526230651732286,0.7720451865312933,0.017208333333333332
0.954929658551372,0.7660544289856295,0.017249999999999998
0.9572362519295154,0.7574242160387709,0.017291666666666667
0.9595428453076589,0.7521061850869806,0.017333333333333333
0.9618494386858023,0.7462574934627482,0.017374999999999998
0.9641560320639456,0.725710977619354,0.017416666666666667
0.966462625442089,0.6793119520022294,0.017458333333333333
0.9687692188202325,0.6105342880346876,0.017499999999999998
0.9710758121983759,0.53473270357081,0.017541666666666667
0.9733824055765193,0.4671604490044996,0.017583333333333333
0.9756889989546628,0.4149499060253462,0.017625
0.9779955923328061,0.3776799067784246,0.017666666666666667
0.9803021857109495,0.3514440685143158,0.017708333333333333
0.9826087790890929,0.3317962464632461,0.01775
0.9849153724672364,0.315496212677794,0.017791666666666667
0.9872219658453798,0.3014234612175205,0.017833333333333333
0.9895285592235232,0.2898450843490969,0.017875
0.9918351526016665,0.2808550330126983,0.017916666666666668
0.99414174597981,0.2741333807680121,0.017958333333333333
0.9964483393579534,0.2697611631311026,0.018
0.9987549327360968,0.2678636084083491,0.018041666666666668
1.0010615261142402,0.2674329192215095,0.018083333333333333
1.0033681194923836,0.2670748879917971,0.018125
1.005674712870527,0.2672608029915335,0.018166666666666668
1.0079813062486704,0.2699666601888259,0.018208333333333333
1.0102878996268139,0.2749787882391364,0.01825
1.0125944930049573,0.2782351452669826,0.018291666666666664
1.0149010863831007,0.2755532332272188,0.018333333333333333
1.0172076797612442,0.2667060050446742,0.018375
1.0195142731393876,0.2536227344625995,0.018416666666666665
1.021820866517531,0.2356921831832042,0.018458333333333334
1.0241274598956744,0.2103578047203038,0.0185
1.0264340532738176,0.1789895705539564,0.018541666666666665
1.028740646651961,0.1486004040495136,0.018583333333333334
1.0310472400301045,0.1250162832447102,0.018625
1.033353833408248,0.106121546617892,0.018666666666666665
1.0356604267863914,0.08489452688037907,0.018708333333333334
1.0379670201645348,0.0586317407907488,0.01875
1.0402736135426782,0.032338764207263,0.018791666666666665
1.0425802069208217,0.01263346387282177,0.018833333333333334
1.044886800298965,0.0008795987860006829,0.018875
1.0471933936771085,-0.006434385393300924,0.018916666666666665
1.049499987055252,-0.01251022639604888,0.018958333333333334
1.0518065804333954,-0.0171906346643039,0.019
1.0541131738115388,-0.01785226219694153,0.019041666666666665
1.056419767189682,-0.01155162196289491,0.019083333333333334
1.0587263605678254,0.002854442013211042,0.019125
1.0610329539459689,0.02257877633156627,0.019166666666666665
1.0633395473241123,0.04091994461777929,0.019208333333333334
1.0656461407022557,0.05146143086842411,0.01925
1.0679527340803991,0.05322318066343682,0.019291666666666665
1.0702593274585426,0.0507865185048659,0.019333333333333334
1.072565920836686,0.04904269726693646,0.019375
1.0748725142148294,0.04898645316802064,0.019416666666666665
1.0771791075929729,0.04896948007776506,0.01945833333333333
1.0794857009711163,0.04823084488053499,0.0195
1.0817922943492597,0.04757747127956121,0.019541666666666666
1.084098887727403,0.04750571693656937,0.01958333333333333
1.0864054811055464,0.04751666799677801,0.019625
1.0887120744836898,0.04729558534609839,0.019666666666666666
1.0910186678618332,0.04719392188068344,0.01970833333333333
1.0933252612399766,0.0473283755063788,0.01975
1.09563185461812,0.04731118375788506,0.019791666666666666
1.0979384479962635,0.04713824456064816,0.01983333333333333
1.100245041374407,0.0473259360056502,0.019875
1.1025516347525504,0.047844233371216,0.019916666666666666
1.1048582281306938,0.04794218863815826,0.01995833333333333
1.1071648215088372,0.04748448434421957,0.02
1.1094714148869806,0.04739116943988082,0.020041666666666666
1.1117780082651239,0.04807003264158599,0.02008333333333333
1.1140846016432673,0.04848747738987125,0.020125
1.1163911950214107,0.04779831672059236,0.020166666666666666
1.1186977883995541,0.04692490195246118,0.02020833333333333
1.1210043817776976,0.0471504665583056,0.02025
1.123310975155841,0.04788000614409393,0.020291666666666666
1.1256175685339844,0.0475274015747312,0.02033333333333333
1.1279241619121279,0.04628526394379214,0.020375
1.1302307552902713,0.04598085952164142,0.020416666666666666
1.1325373486684147,0.04695436751678286,0.020458333333333332
1.1348439420465581,0.04727233163580497,0.0205
1.1371505354247016,0.04597831273962973,0.020541666666666666
1.1394571288028448,0.04498878205348933,0.020583333333333332
1.1417637221809882,0.0460075042391985,0.020625
1.1440703155591316,0.04730427735935007,0.020666666666666667
1.146376908937275,0.04608565634794366,0.020708333333333332
1.1486835023154185,0.04307369303555194,0.020749999999999998
1.150990095693562,0.04163755743583242,0.020791666666666667
1.1532966890717053,0.042202497897898,0.020833333333333332
1.1556032824498488,0.04049533260221008,0.020874999999999998
1.1579098758279922,0.03241398051616424,0.020916666666666667
1.1602164692061356,0.01807200613305978,0.020958333333333332
1.162523062584279,-0.0004634924042472296,0.020999999999999998
1.1648296559624225,-0.02273754032792832,0.021041666666666667
1.1671362493405657,-0.04869390099033251,0.021083333333333332
1.1694428427187091,-0.07636905973219314,0.021124999999999998
1.1717494360968526,-0.1048514934126841,0.021166666666666667
1.174056029474996,-0.1384883035170373,0.021208333333333333
1.1763626228531394,-0.1831373538857102,0.021249999999999998
1.1786692162312828,-0.2370756458780406,0.021291666666666667
1.1809758096094263,-0.2902549966954531,0.021333333333333333
1.1832824029875697,-0.3355051503292176,0.021374999999999998
1.1855889963657131,-0.3767839809697945,0.021416666666666667
1.1878955897438566,-0.4220580575059505,0.021458333333333333
1.190202183122,-0.4706844167315749,0.0215
1.1925087765001434,-0.513883277094325,0.021541666666666667
1.1948153698782868,-0.5475327822849028,0.021583333333333333
1.19712196325643,-0.5778532832760095,0.021625
1.1994285566345735,-0.6113390734207915,0.021666666666666667
1.201735150012717,-0.6443136848837947,0.021708333333333333
1.2040417433908603,-0.6679967426865348,0.02175
1.2063483367690038,-0.6813969073543231,0.021791666666666668
1.2086549301471472,-0.6928355788297327,0.021833333333333333
1.2109615235252906,-0.7083791328651979,0.021875
1.213268116903434,-0.7245472030704473,0.021916666666666668
1.2155747102815775,-0.735045203049451,0.021958333333333333
1.217881303659721,-0.740241688875449,0.022
1.2201878970378643,-0.7457070039098445,0.022041666666666664
1.2224944904160078,-0.7537733627980407,0.022083333333333333
1.224801083794151,-0.7614637767036057,0.022125
1.2271076771722944,-0.766605228267904,0.022166666666666664
1.2294142705504378,-0.7715073876616491,0.022208333333333333
1.2317208639285813,-0.7789071632206747,0.02225
1.2340274573067247,-0.7874083818305053,0.022291666666666664
1.2363340506848681,-0.7934682902943917,0.022333333333333334
1.2386406440630116,-0.7962008474370937,0.022375
1.240947237441155,-0.7976729822540904,0.022416666666666665
1.2432538308192984,-0.7991973297790661,0.022458333333333334
1.2455604241974418,-0.7997762667238717,0.0225
1.2478670175755853,-0.7983726938315612,0.022541666666666665
1.2501736109537287,-0.7957384748124314,0.022583333333333334
1.252480204331872,-0.7932147706450071,0.022625
1.2547867977100153,-0.7909878750132056,0.022666666666666665
1.2570933910881588,-0.7884438605219044,0.022708333333333334
1.2593999844663022,-0.7855800704422734,0.02275
1.2617065778444456,-0.7833260343792657,0.022791666666666665
1.264013171222589,-0.7827478278553875,0.022833333333333334
1.2663197646007325,-0.784254602820711,0.022875
1.268626357978876,-0.787223928569026,0.022916666666666665
1.2709329513570193,-0.7902576996381054,0.022958333333333334
1.2732395447351628,-0.7923602332496168,0.023
1.2755461381133062,-0.794044775041097,0.023041666666666665
1.2778527314914496,-0.7965983716894077,0.023083333333333334
1.2801593248695928,-0.8000391364680264,0.023125
1.2824659182477363,-0.8027335929689557,0.023166666666666665
1.2847725116258797,-0.8035216455619677,0.023208333333333334
1.2870791050040231,-0.8031216080891417,0.02325
1.2893856983821665,-0.8025015144040603,0.023291666666666665
1.29169229176031,-0.8009630984067927,0.02333333333333333
1.2939988851384534,-0.7973810068248756,0.023375
1.2963054785165968,-0.792627831031803,0.023416666666666665
1.2986120718947403,-0.7888382582629757,0.02345833333333333
1.3009186652728837,-0.7864898261763904,0.0235
1.3032252586510271,-0.7843566274678292,0.023541666666666666
1.3055318520291705,-0.7824937029582766,0.02358333333333333
1.3078384454073138,-0.7825931014955488,0.023625
1.3101450387854572,-0.784345358483605,0.023666666666666666
1.3124516321636006,-0.7844125529983033,0.02370833333333333
1.314758225541744,-0.7813811035595872,0.02375
1.3170648189198875,-0.7790106510022753,0.023791666666666666
1.319371412298031,-0.780627664315999,0.02383333333333333
1.3216780056761743,-0.782104825798748,0.023875
1.3239845990543178,-0.7761308172595552,0.023916666666666666
1.3262911924324612,-0.7637935451303806,0.02395833333333333
1.3285977858106046,-0.7547024756677109,0.024
1.330904379188748,-0.7507999180021327,0.024041666666666666
1.3332109725668915,-0.7354963476209023,0.02408333333333333
1.335517565945035,-0.6877738201835055,0.024125
1.337824159323178,-0.6075029674942743,0.024166666666666666
1.3401307527013215,-0.5195528494423728,0.02420833333333333
1.342437346079465,-0.4498942676691916,0.02425
1.3447439394576084,-0.4031490786571596,0.024291666666666666
1.3470505328357518,-0.3674080462608748,0.024333333333333332
1.3493571262138953,-0.3347864157674644,0.024375
1.3516637195920387,-0.3085072967035111,0.024416666666666666
1.353970312970182,-0.2913900838128613,0.024458333333333332
1.3562769063483255,-0.2775538224188491,0.024499999999999997
1.358583499726469,-0.2602294873027916,0.024541666666666666
1.3608900931046124,-0.2417490095407863,0.024583333333333332
1.3631966864827558,-0.2294692850400147,0.024624999999999998
1.365503279860899,-0.2245244529398648,0.024666666666666667
1.3678098732390425,-0.2208486749639224,0.024708333333333332
1.370116466617186,-0.2146885399814774,0.024749999999999998
1.3724230599953293,-0.2089595783825901,0.024791666666666667
1.3747296533734727,-0.206735495546008,0.024833333333333332
1.3770362467516162,-0.2058214409727322,0.024874999999999998
1.3793428401297596,-0.2031009336601015,0.024916666666666667
1.381649433507903,-0.2003035769403276,0.024958333333333332
1.3839560268860465,-0.2009485425496458,0.024999999999999998
1.38626262026419,-0.2038156184493234,0.025041666666666667
1.3885692136423333,-0.204495656677367,0.025083333333333332
1.3908758070204768,-0.2028537330848015,0.025124999999999998
1.39318240039862,-0.2038278584415544,0.025166666666666667
1.3954889937767634,-0.2097644187781088,0.025208333333333333
1.3977955871549068,-0.2167975019190259,0.025249999999999998
1.4001021805330502,-0.2214650425229872,0.025291666666666667
1.4024087739111937,-0.2266930525400744,0.025333333333333333
1.404715367289337,-0.2368985997154637,0.025374999999999998
1.4070219606674805,-0.2501285589850921,0.025416666666666667
1.409328554045624,-0.2609902805718448,0.025458333333333333
1.4116351474237674,-0.2706611542336426,0.0255
1.4139417408019108,-0.2872220800635529,0.025541666666666667
1.4162483341800542,-0.3138165435300966,0.025583333333333333
1.4185549275581977,-0.3429211682575319,0.025625
1.4208615209363409,-0.3681763554615893,0.025666666666666667
1.4231681143144843,-0.398060638129125,0.025708333333333333
1.4254747076926277,-0.44935088514762,0.02575
1.4277813010707712,-0.5255342452905754,0.025791666666666664
1.4300878944489146,-0.6081991120825971,0.025833333333333333
1.432394487827058,-0.6738292373617997,0.025875
1.4347010812052015,-0.7151462988380685,0.025916666666666664
1.4370076745833449,-0.7415166653602443,0.025958333333333333
1.4393142679614883,-0.7620454408105363,0.026
1.4416208613396317,-0.7758867132360954,0.026041666666666664
1.4439274547177752,-0.7798295245733079,0.026083333333333333
1.4462340480959186,-0.7778635403758404,0.026125
1.4485406414740618,-0.7777794149792981,0.026166666666666664
1.4508472348522052,-0.7814643049239539,0.026208333333333333
1.4531538282303487,-0.7841828554183067,0.02625
1.455460421608492,-0.7829547155948846,0.026291666666666665
1.4577670149866355,-0.7807341552758176,0.026333333333333334
1.460073608364779,-0.781203796013219,0.026375
1.4623802017429224,-0.7836508690305269,0.026416666666666665
1.4646867951210658,-0.7855732684935649,0.026458333333333334
1.4669933884992092,-0.7873853658510934,0.0265
1.4692999818773527,-0.7911018729717142,0.026541666666666665
1.471606575255496,-0.7959295945213581,0.026583333333333334
1.4739131686336395,-0.7988993993212126,0.026625
1.476219762011783,-0.7996253784838856,0.026666666666666665
1.4785263553899262,-0.8008576721809103,0.026708333333333334
1.4808329487680696,-0.8035114139467259,0.02675
1.483139542146213,-0.8044988872300203,0.026791666666666665
1.4854461355243564,-0.8014429761759544,0.026833333333333334
1.4877527289024999,-0.7968606061171025,0.026875
1.4900593222806433,-0.7947941422123558,0.026916666666666665
1.4923659156587867,-0.7949468798849257,0.026958333333333334
1.4946725090369302,-0.7935279958188971,0.027
1.4969791024150736,-0.7893376488857752,0.027041666666666665
1.499285695793217,-0.7854336830150855,0.02708333333333333
1.5015922891713605,-0.7841823104014269,0.027125
1.5038988825495039,-0.7841004111791133,0.027166666666666665
1.506205475927647,-0.7833236387156924,0.02720833333333333
1.5085120693057905,-0.7832510121297488,0.02725
1.510818662683934,-0.7860020702637169,0.027291666666666665
1.5131252560620774,-0.7903103431917582,0.02733333333333333
1.5154318494402208,-0.7933026741246991,0.027375
1.5177384428183642,-0.7952400132885815,0.027416666666666666
1.5200450361965077,-0.7986936430406137,0.02745833333333333
1.522351629574651,-0.8030980697045836,0.0275
1.5246582229527945,-0.8042594210573958,0.027541666666666666
1.526964816330938,-0.8005891877490061,0.02758333333333333
1.5292714097090814,-0.7959218617589758,0.027625
1.5315780030872248,-0.7935442156404622,0.027666666666666666
1.533884596465368,-0.7908323031944179,0.02770833333333333
1.5361911898435114,-0.7837755639133689,0.02775
1.5384977832216549,-0.7744269089344812,0.027791666666666666
1.5408043765997983,-0.7686115959931398,0.02783333333333333
1.5431109699779417,-0.7668370273717556,0.027875
1.5454175633560852,-0.7632203081076211,0.027916666666666666
1.5477241567342286,-0.7547142216634726,0.02795833333333333
1.550030750112372,-0.74556188523595,0.028
1.5523373434905154,-0.7391485221513073,0.028041666666666666
1.5546439368686589,-0.7307152666169282,0.02808333333333333
1.5569505302468023,-0.7141181856926618,0.028125
1.5592571236249457,-0.6924182656117137,0.028166666666666666
1.561563717003089,-0.673899123453585,0.028208333333333332
1.5638703103812324,-0.6581370416746471,0.028249999999999997
1.5661769037593758,-0.6348682646219709,0.028291666666666666
1.5684834971375192,-0.5997429142610193,0.028333333333333332
1.5707900905156627,-0.5627944900689215,0.028374999999999997
1.573096683893806,-0.5341851064034508,0.028416666666666666
1.5754032772719495,-0.5074104213826124,0.028458333333333332
1.577709870650093,-0.4669628636864104,0.028499999999999998
1.5800164640282364,-0.411397930236957,0.028541666666666667
1.5823230574063798,-0.3576745495491246,0.028583333333333332
1.5846296507845232,-0.3188283958137811,0.028624999999999998
1.5869362441626667,-0.2866917164964368,0.028666666666666667
1.5892428375408099,-0.2444730616987014,0.028708333333333332
1.5915494309189533,-0.1904800282117232,0.028749999999999998
1.5938560242970967,-0.1392529465806811,0.028791666666666667
1.5961626176752401,-0.100905727242229,0.028833333333333332
1.5984692110533836,-0.07011362808164502,0.028874999999999998
1.600775804431527,-0.03851858024021742,0.028916666666666667
1.6030823978096704,-0.00876897932337177,0.028958333333333332
1.6053889911878139,0.01080169228411789,0.028999999999999998
1.6076955845659573,0.020033329376347,0.029041666666666667
1.6100021779441007,0.02700010650757755,0.029083333333333333
1.6123087713222441,0.03579491984132052,0.029124999999999998
1.6146153647003876,0.04222520530208725,0.029166666666666667
1.6169219580785308,0.042907241306486,0.029208333333333333
1.6192285514566742,0.04172181095679795,0.029249999999999998
1.6215351448348176,0.04364475939234665,0.029291666666666667
1.623841738212961,0.04714715228373175,0.029333333333333333
1.6261483315911045,0.0475651080242477,0.029375
1.628454924969248,0.045093837999419,0.029416666666666667
1.6307615183473914,0.04421533184035709,0.029458333333333333
1.6330681117255348,0.04630156777529558,0.0295
1.6353747051036782,0.04788518134956216,0.029541666666666664
1.6376812984818216,0.04677562024958175,0.029583333333333333
1.639987891859965,0.04539998113115577,0.029625
1.6422944852381085,0.0463286702882194,0.029666666666666664
1.644601078616252,0.04808921526030861,0.029708333333333333
1.6469076719943951,0.04802636049173483,0.02975
1.6492142653725386,0.04676839743886931,0.029791666666666664
1.651520858750682,0.04681235180021871,0.029833333333333333
1.6538274521288254,0.04818488133020202,0.029875
1.6561340455069689,0.04863924156042476,0.029916666666666664
1.6584406388851123,0.04757475795664298,0.029958333333333333
1.6607472322632557,0.04681246423422741,0.03
1.6630538256413991,0.04734357989337349,0.030041666666666664
1.6653604190195426,0.04791956255668919,0.030083333333333333
1.667667012397686,0.04750249922333577,0.030125
1.6699736057758294,0.0468846677402153,0.030166666666666665
1.6722801991539729,0.04695395500387267,0.030208333333333334
1.674586792532116,0.04724745609665616,0.03025
1.6768933859102595,0.0472601518744413,0.030291666666666665
1.679199979288403,0.0474615271250024,0.030333333333333334
1.6815065726665464,0.04792709653472605,0.030375
1.6838131660446898,0.04775511924834748,0.030416666666666665
1.6861197594228332,0.04709489819023095,0.030458333333333334
1.6884263528009766,0.04764212059503222,0.0305
1.69073294617912,0.04930301125223562,0.030541666666666665
1.6930395395572635,0.04888317138454872,0.030583333333333334
1.695346132935407,0.04523687899035794,0.030625
1.6976527263135504,0.04332690578689051,0.030666666666666665
1.6999593196916938,0.04781124211203119,0.030708333333333334
1.702265913069837,0.05292007887966477,0.03075
1.7045725064479804,0.04531864326181051,0.030791666666666665
1.7068790998261238,0.02030243487328666,0.03083333333333333
1.7091856932042673,-0.009749062100135911,0.030875
1.7114922865824107,-0.02789966348887655,0.030916666666666665
1.7137988799605541,-0.03040601360157923,0.03095833333333333
1.7161054733386976,-0.02645232855026868,0.031
1.718412066716841,-0.02266392895829084,0.031041666666666665
1.7207186600949844,-0.01565548588350784,0.03108333333333333
1.7230252534731278,-0.0007882356680489629,0.031125
1.7253318468512713,0.01968835202139584,0.031166666666666665
1.7276384402294147,0.04164643335702935,0.03120833333333333
1.729945033607558,0.06614811584716303,0.03125
1.7322516269857013,0.09511299556788408,0.03129166666666667
1.7345582203638448,0.1239301071465602,0.03133333333333333
1.7368648137419882,0.1463176626609076,0.031375
1.7391714071201316,0.1651456170797347,0.03141666666666666
1.741478000498275,0.1896732160335017,0.03145833333333333
1.7437845938764185,0.2203324647206861,0.0315
1.746091187254562,0.244734690328011,0.03154166666666666
1.7483977806327053,0.2536358302099036,0.03158333333333333
1.7507043740108488,0.2539175885492805,0.031625
1.7530109673889922,0.2583835159835087,0.03166666666666666
1.7553175607671356,0.2675144989253719,0.03170833333333333
1.7576241541452788,0.2709635772896138,0.03175
1.7599307475234223,0.2655910890539792,0.03179166666666666
1.7622373409015657,0.261050311229623,0.03183333333333333
1.7645439342797091,0.2645269426746716,0.031875
1.7668505276578526,0.269964712728023,0.03191666666666666
1.769157121035996,0.2693437529814144,0.03195833333333333
1.7714637144141394,0.2670274062932999,0.032
1.7737703077922828,0.2728985514798604,0.03204166666666666
1.7760769011704263,0.2853712880289342,0.03208333333333333
1.7783834945485697,0.2934191558338107,0.032125
1.7806900879267131,0.2961712165090815,0.03216666666666666
1.7829966813048566,0.3079089409915056,0.03220833333333333
1.785303274683,0.3372985619283593,0.03225
1.7876098680611432,0.3719785773088296,0.03229166666666666
1.7899164614392866,0.3952758796578277,0.03233333333333333
1.79222305481743,0.4134161808981602,0.032375
1.7945296481955735,0.4522423091042612,0.03241666666666666
1.796836241573717,0.5242454215354032,0.03245833333333333
1.7991428349518603,0.6096964444570743,0.0325
1.8014494283300038,0.6770146887333709,0.03254166666666666
1.8037560217081472,0.7146965937969921,0.03258333333333333
1.8060626150862906,0.7351381386338613,0.032625
1.808369208464434,0.7520178320749584,0.03266666666666666
1.8106758018425775,0.7652896526017187,0.03270833333333333
1.812982395220721,0.7696184077104185,0.03275
1.8152889885988641,0.7673395813684044,0.03279166666666666
1.8175955819770075,0.7662101592282007,0.03283333333333333
1.819902175355151,0.7688517700227577,0.032875
1.8222087687332944,0.7712483549170877,0.032916666666666664
1.8245153621114378,0.7705897013152837,0.03295833333333333
1.8268219554895813,0.7690325559976238,0.033
1.8291285488677247,0.7691058085695635,0.033041666666666664
1.8314351422458681,0.7699757772594541,0.03308333333333333
1.8337417356240115,0.770239156204351,0.033125
1.836048329002155,0.7712035613003466,0.033166666666666664
1.8383549223802984,0.7747434032952769,0.03320833333333333
1.8406615157584418,0.7797296612834216,0.03325
1.842968109136585,0.7832641333286893,0.033291666666666664
1.8452747025147285,0.7846538769527872,0.03333333333333333
1.847581295892872,0.7857277371719408,0.033375
1.8498878892710153,0.7873457506680619,0.033416666666666664
1.8521944826491588,0.7878941647794878,0.03345833333333333
1.8545010760273022,0.7859363175940213,0.0335
1.8568076694054456,0.7826156064735994,0.033541666666666664
1.859114262783589,0.780197945789663,0.03358333333333333
1.8614208561617325,0.7791644868739654,0.033625
1.863727449539876,0.7779961181443624,0.033666666666666664
1.8660340429180193,0.7755057335361785,0.03370833333333333
1.8683406362961628,0.7723275799474746,0.03375
1.870647229674306,0.7700124387160939,0.033791666666666664
1.8729538230524494,0.7693941824749021,0.03383333333333333
1.8752604164305928,0.7701648837121255,0.033875
1.8775670098087363,0.7716738239571691,0.033916666666666664
1.8798736031868797,0.7737708092461242,0.03395833333333333
1.8821801965650231,0.7768477154115662,0.033999999999999996
1.8844867899431665,0.7811526107839928,0.034041666666666665
1.88679338332131,0.7861503054691893,0.034083333333333334
1.8890999766994534,0.7906529072183482,0.034124999999999996
1.8914065700775968,0.793560339297688,0.034166666666666665
1.8937131634557403,0.7943691118318379,0.034208333333333334
1.8960197568338837,0.7931194335389059,0.034249999999999996
1.898326350212027,0.7902722773201458,0.034291666666666665
1.9006329435901703,0.7866932068176141,0.034333333333333334
1.9029395369683137,0.783218194547995,0.034374999999999996
1.9052461303464572,0.7799185214329477,0.034416666666666665
1.9075527237246006,0.7762529887885224,0.034458333333333334
1.909859317102744,0.7723385715549937,0.034499999999999996
1.9121659104808875,0.7694960243137647,0.034541666666666665
1.914472503859031,0.7687974725865881,0.034583333333333334
1.9167790972371743,0.7695207570725608,0.034624999999999996
1.9190856906153178,0.7701280785773796,0.034666666666666665
1.9213922839934612,0.770677219465071,0.034708333333333334
1.9236988773716046,0.7729702334752421,0.034749999999999996
1.926005470749748,0.7779007056554655,0.034791666666666665
1.9283120641278912,0.7838596345012419,0.034833333333333334
1.9306186575060347,0.7885840743058611,0.034874999999999996
1.932925250884178,0.7915802665551823,0.034916666666666665
1.9352318442623215,0.7936226025319677,0.034958333333333334
1.937538437640465,0.7947204031142269,0.034999999999999996
1.9398450310186084,0.7941240330078345,0.035041666666666665
1.9421516243967518,0.7919451348021359,0.035083333333333334
1.9444582177748952,0.7890434063757831,0.035124999999999997
1.9467648111530387,0.7852770236485128,0.035166666666666666
1.949071404531182,0.7797507370037982,0.035208333333333335
1.9513779979093255,0.773360190607296,0.03525
1.953684591287469,0.7691096717306075,0.035291666666666666
1.9559911846656122,0.7685619309841272,0.035333333333333335
1.9582977780437556,0.769596192159007,0.035375
1.960604371421899,0.7695554576478223,0.035416666666666666
1.9629109648000425,0.7693408528008191,0.035458333333333335
1.9652175581781859,0.771875463013759,0.0355
1.9675241515563293,0.7771120993761171,0.035541666666666666
1.9698307449344727,0.7816297939935809,0.035583333333333335
1.9721373383126162,0.7837085859729596,0.035625
1.9744439316907596,0.7857255159592988,0.035666666666666666
1.976750525068903,0.7898266509337996,0.035708333333333335
1.9790571184470465,0.7938522279096476,0.03575
1.9813637118251899,0.794290876482918,0.035791666666666666
1.983670305203333,0.7915728398545361,0.035833333333333335
1.9859768985814765,0.7890839340112956,0.035875
1.98828349195962,0.787582126185814,0.035916666666666666
1.9905900853377634,0.7842817268598044,0.035958333333333335
1.9928966787159068,0.7780860945546743,0.036
1.9952032720940502,0.7722117889317758,0.036041666666666666
1.9975098654721937,0.7698282005041769,0.036083333333333335
1.999816458850337,0.7699242733025515,0.036125
2.0021230522284803,0.7699538234476213,0.036166666666666666
2.0044296456066237,0.7702700215131913,0.036208333333333335
2.006736238984767,0.7727124880888616,0.03625
2.0090428323629106,0.776286770129085,0.036291666666666667
2.011349425741054,0.7780975811528063,0.036333333333333336
2.0136560191191974,0.7782600720524657,0.036375
2.015962612497341,0.7799492863874412,0.03641666666666667
2.0182692058754843,0.7838936721475275,0.03645833333333333
2.0205757992536277,0.786723343151836,0.0365
2.022882392631771,0.7864229916325337,0.03654166666666667
2.0251889860099146,0.7855728464764793,0.03658333333333333
2.027495579388058,0.7863702175047097,0.036625
2.0298021727662015,0.786027219126073,0.03666666666666667
2.032108766144345,0.781427533033522,0.03670833333333333
2.0344153595224883,0.7756961707880327,0.03675
2.0367219529006317,0.7744135209515896,0.03679166666666667
2.039028546278775,0.776351711578785,0.03683333333333333
2.0413351396569186,0.7747053395544646,0.036875
2.043641733035062,0.768552017961803,0.03691666666666667
2.0459483264132055,0.7657247576647204,0.03695833333333333
2.048254919791349,0.7704390459838283,0.037
2.0505615131694923,0.7750650981489406,0.03704166666666667
2.0528681065476353,0.7713112829506422,0.03708333333333333
2.0551746999257787,0.7643561149701202,0.037125
2.057481293303922,0.7655603935307065,0.03716666666666667
2.0597878866820656,0.7728439819219874,0.03720833333333333
2.062094480060209,0.7709453043756587,0.03725
2.0644010734383524,0.7548869781283729,0.03729166666666667
2.066707666816496,0.740187931546841,0.03733333333333333
2.0690142601946393,0.738678720860378,0.037375
2.0713208535727827,0.7326826974391832,0.03741666666666667
2.073627446950926,0.6900868490393547,0.03745833333333333
2.0759340403290696,0.6061515289749335,0.0375
2.078240633707213,0.5153099675168967,0.03754166666666667
2.0805472270853564,0.4539828485108075,0.03758333333333333
2.0828538204635,0.4225905259683815,0.037625
2.0851604138416433,0.39506451962379,0.03766666666666667
2.0874670072197867,0.3578724043978523,0.03770833333333333
2.08977360059793,0.3238087741928351,0.03775
2.0920801939760736,0.3073916324448696,0.03779166666666667
2.094386787354217,0.3027088805711017,0.03783333333333333
2.0966933807323604,0.2940640464769624,0.037875
2.098999974110504,0.2785173695891259,0.03791666666666667
2.1013065674886473,0.2663474345494553,0.03795833333333333
2.1036131608667907,0.2633187827143506,0.038
2.105919754244934,0.2640417818490952,0.03804166666666667
2.1082263476230776,0.2633125100801878,0.03808333333333333
2.1105329410012206,0.2637760316516524,0.038125
2.112839534379364,0.268266105946531,0.03816666666666667
2.1151461277575074,0.2722096340131345,0.03820833333333333
2.117452721135651,0.2698612880833286,0.03825
2.1197593145137943,0.2634322792114532,0.03829166666666667
2.1220659078919377,0.2592238823302121,0.03833333333333333
2.124372501270081,0.2569208399870364,0.038375
2.1266790946482246,0.2494932801477235,0.03841666666666667
2.128985688026368,0.2335330614765462,0.03845833333333333
2.1312922814045114,0.2133537065364046,0.0385
2.133598874782655,0.1933482540554849,0.03854166666666667
2.1359054681607983,0.1720016088242361,0.03858333333333333
2.1382120615389417,0.1465687510245936,0.038625
2.140518654917085,0.1189725122607666,0.03866666666666667
2.1428252482952286,0.09261854704755064,0.03870833333333333
2.145131841673372,0.06675328974228423,0.03875
2.1474384350515154,0.03951428310475262,0.03879166666666667
2.149745028429659,0.01477621294746259,0.03883333333333333
2.1520516218078023,-0.0006404277971529632,0.038875
2.1543582151859457,-0.007416818628560342,0.03891666666666666
2.156664808564089,-0.01500543891859337,0.03895833333333333
2.1589714019422326,-0.02874993830860017,0.039
2.161277995320376,-0.04015234490777454,0.03904166666666666
2.1635845886985194,-0.03542751837316975,0.03908333333333333
2.1658911820766624,-0.0123408632712944,0.039125
2.168197775454806,0.01634852697952928,0.03916666666666666
2.1705043688329493,0.03630202960762384,0.03920833333333333
2.1728109622110927,0.04412674227361978,0.03925
2.175117555589236,0.04559391725640797,0.03929166666666666
2.1774241489673796,0.04608045492287815,0.03933333333333333
2.179730742345523,0.04644458229027824,0.039375
2.1820373357236664,0.0460580503634002,0.03941666666666666
2.18434392910181,0.04544138407232234,0.03945833333333333
2.1866505224799533,0.04522851226171825,0.0395
2.1889571158580967,0.04508364560864014,0.03954166666666666
2.19126370923624,0.04471458118697846,0.03958333333333333
2.1935703026143836,0.04456742582070542,0.039625
2.195876895992527,0.04481722374636932,0.03966666666666666
2.1981834893706704,0.04483891136245011,0.03970833333333333
2.200490082748814,0.0443550036230449,0.03975
2.2027966761269573,0.04408701699097508,0.03979166666666666
2.2051032695051007,0.0445379066821595,0.03983333333333333
2.207409862883244,0.04503917346265374,0.039875
2.2097164562613876,0.04485795511213513,0.03991666666666666
2.212023049639531,0.04447153148256993,0.03995833333333333
2.2143296430176744,0.04473298022087186,0.04
2.216636236395818,0.04535259830793274,0.04004166666666666
2.2189428297739613,0.04536122246966405,0.04008333333333333
2.2212494231521047,0.04476749073175311,0.040125
2.2235560165302477,0.04452623303093051,0.04016666666666666
2.225862609908391,0.04488048397430571,0.04020833333333333
2.2281692032865346,0.04496881083154111,0.04025
2.230475796664678,0.04436363904573355,0.04029166666666666
2.2327823900428214,0.04383474278142795,0.04033333333333333
2.235088983420965,0.04400487233865092,0.040375
2.2373955767991083,0.04426137619995949,0.04041666666666666
2.2397021701772517,0.04383493662575114,0.04045833333333333
2.242008763555395,0.04314987144870883,0.0405
2.2443153569335386,0.04306589982722861,0.04054166666666666
2.246621950311682,0.04333963419847656,0.04058333333333333
2.2489285436898254,0.04302502327140779,0.040625
2.251235137067969,0.04210093337489228,0.04066666666666666
2.2535417304461123,0.04137985295452422,0.04070833333333333
2.2558483238242557,0.04078912479759388,0.04075
2.258154917202399,0.03916601053402447,0.040791666666666664
2.2604615105805426,0.0361171097905218,0.04083333333333333
2.262768103958686,0.03246168679491348,0.040875
2.2650746973368294,0.02773113869795251,0.040916666666666664
2.267381290714973,0.01865338459573053,0.04095833333333333
2.2696878840931163,0.002132094557379183,0.041
2.2719944774712597,-0.02074053065105738,0.041041666666666664
2.274301070849403,-0.04597174423213451,0.04108333333333333
2.2766076642275466,-0.07264127476340665,0.041125
2.2789142576056896,-0.105491930637804,0.041166666666666664
2.281220850983833,-0.1495452670134635,0.04120833333333333
2.2835274443619764,-0.2027708021997802,0.04125
2.28583403774012,-0.2561692046053364,0.041291666666666664
2.2881406311182633,-0.3018011968413767,0.04133333333333333
2.2904472244964067,-0.3397235534230074,0.041375
2.29275381787455,-0.3764567900173717,0.041416666666666664
2.2950604112526936,-0.4176012519085475,0.04145833333333333
2.297367004630837,-0.4629360183769837,0.041499999999999995
2.2996735980089804,-0.5080603586514497,0.041541666666666664
2.301980191387124,-0.5490768666454479,0.04158333333333333
2.3042867847652673,-0.5848922786335322,0.041624999999999995
2.3065933781434107,-0.6159950888766912,0.041666666666666664
2.308899971521554,-0.642664646429223,0.04170833333333333
2.3112065648996976,-0.6649881047353162,0.041749999999999995
2.313513158277841,-0.6838104088126279,0.041791666666666664
2.3158197516559844,-0.7005204824199326,0.041833333333333333
2.318126345034128,-0.7156405089857928,0.041874999999999996
2.3204329384122713,-0.7282771726207046,0.041916666666666665
2.3227395317904147,-0.7375230370022628,0.041958333333333334
2.325046125168558,-0.7441526123242421,0.041999999999999996
2.3273527185467016,-0.7503296120625683,0.042041666666666665
2.329659311924845,-0.7575656364460863,0.042083333333333334
2.3319659053029884,-0.7654567633247309,0.042124999999999996
2.3342724986811314,-0.7726593914121778,0.042166666666666665
2.336579092059275,-0.7786751240878035,0.042208333333333334
2.3388856854374183,-0.7842099503529474,0.042249999999999996
2.3411922788155617,-0.7899662102121955,0.042291666666666665
2.343498872193705,-0.7956430326842844,0.042333333333333334
2.3458054655718485,-0.8002952667467613,0.042374999999999996
2.348112058949992,-0.8033263280475607,0.042416666666666665
2.3504186523281354,-0.8048205277022072,0.042458333333333334
2.352725245706279,-0.8050142643893856,0.042499999999999996
2.3550318390844223,-0.8037997806806877,0.042541666666666665
2.3573384324625657,-0.801006355830096,0.042583333333333334
2.359645025840709,-0.7971277179663416,0.042624999999999996
2.3619516192188525,-0.7934170685503948,0.042666666666666665
2.364258212596996,-0.790895170357354,0.042708333333333334
2.3665648059751394,-0.7893734599440726,0.042749999999999996
2.368871399353283,-0.7879983472763961,0.042791666666666665
2.3711779927314263,-0.7868821136680394,0.042833333333333334
2.3734845861095697,-0.7874314462357448,0.042874999999999996
2.375791179487713,-0.7904074124854413,0.042916666666666665
2.3780977728658566,-0.7943007774339981,0.042958333333333334
2.380404366244,-0.7968258644353315,0.043
2.3827109596221434,-0.7978742428903306,0.043041666666666666
2.385017553000287,-0.7995368196566236,0.043083333333333335
2.3873241463784303,-0.8028027301827034,0.043125
2.3896307397565737,-0.805823992774057,0.043166666666666666
2.3919373331347167,-0.8065612931773666,0.043208333333333335
2.39424392651286,-0.8057002292861977,0.04325
2.3965505198910035,-0.8050757907127782,0.043291666666666666
2.398857113269147,-0.8042303069108212,0.043333333333333335
2.4011637066472904,-0.8011872509653742,0.043375
2.403470300025434,-0.7965027162809835,0.043416666666666666
2.4057768934035773,-0.7934027804218893,0.043458333333333335
2.4080834867817207,-0.7928390318581948,0.0435
2.410390080159864,-0.7916225771812678,0.043541666666666666
2.4126966735380075,-0.7878185706150171,0.043583333333333335
2.415003266916151,-0.784975919689979,0.043625
2.4173098602942944,-0.7869762625789001,0.043666666666666666
2.419616453672438,-0.7906957639880432,0.043708333333333335
2.4219230470505813,-0.7894374197221146,0.04375
2.4242296404287247,-0.7835939367226749,0.043791666666666666
2.426536233806868,-0.7811147698300477,0.043833333333333335
2.4288428271850115,-0.7845607247365028,0.043875
2.431149420563155,-0.7846245917716235,0.043916666666666666
2.4334560139412984,-0.7729471153910161,0.04395833333333333
2.435762607319442,-0.7557009797116089,0.044
2.4380692006975853,-0.7434214023752619,0.044041666666666666
2.4403757940757287,-0.7282117170080558,0.04408333333333333
2.442682387453872,-0.684990983838219,0.044125
2.4449889808320155,-0.603419145689927,0.04416666666666667
2.4472955742101585,-0.509202269381404,0.04420833333333333
2.449602167588302,-0.4409433480339356,0.04425
2.4519087609664454,-0.4084871954561528,0.04429166666666667
2.454215354344589,-0.3867826310528664,0.04433333333333333
2.4565219477227322,-0.3521063997861307,0.044375
2.4588285411008757,-0.3105270411748078,0.04441666666666667
2.461135134479019,-0.282794160493715,0.04445833333333333
2.4634417278571625,-0.2725601555290306,0.0445
2.465748321235306,-0.2641125767865803,0.04454166666666667
2.4680549146134494,-0.2478188053220494,0.04458333333333333
2.470361507991593,-0.2320246045755214,0.044625
2.4726681013697362,-0.2260314174649719,0.04466666666666667
2.4749746947478797,-0.2244310029362261,0.04470833333333333
2.477281288126023,-0.2172269096441656,0.04475
2.4795878815041665,-0.2068175185733809,0.04479166666666667
2.48189447488231,-0.2033659296428673,0.04483333333333333
2.4842010682604534,-0.2071857412795792,0.044875
2.486507661638597,-0.2079294866389663,0.04491666666666667
2.4888142550167403,-0.2017179476665465,0.04495833333333333
2.4911208483948837,-0.1974701377607144,0.045
2.493427441773027,-0.2019173040430554,0.04504166666666667
2.4957340351511705,-0.2083250727179573,0.04508333333333333
2.498040628529314,-0.2077436406564178,0.045125
2.5003472219074574,-0.2040608865308762,0.04516666666666667
2.5026538152856004,-0.2076831969823515,0.04520833333333333
2.504960408663744,-0.218276934409963,0.04525
2.5072670020418872,-0.2255480336255846,0.04529166666666667
2.5095735954200307,-0.2270595184560141,0.04533333333333333
2.511880188798174,-0.2329738212381781,0.045375
2.5141867821763175,-0.2488179021893991,0.04541666666666667
2.516493375554461,-0.2651207103564724,0.04545833333333333
2.5187999689326044,-0.273325457184594,0.0455
2.521106562310748,-0.283190469073581,0.04554166666666667
2.5234131556888912,-0.3106522626327483,0.04558333333333333
2.5257197490670347,-0.35178183793635,0.045625
2.528026342445178,-0.38525946098283,0.04566666666666667
2.5303329358233215,-0.4053054746790529,0.04570833333333333
2.532639529201465,-0.4372317659955572,0.04575
2.5349461225796084,-0.5074777796077058,0.04579166666666667
2.537252715957752,-0.6054171822684594,0.04583333333333333
2.5395593093358952,-0.689743193771545,0.045875
2.5418659027140387,-0.7327511906932695,0.04591666666666667
2.544172496092182,-0.7454895506938141,0.04595833333333333
2.5464790894703255,-0.755451717149996,0.046
2.548785682848469,-0.7720179677980401,0.04604166666666667
2.5510922762266124,-0.7841470653371513,0.04608333333333333
2.553398869604756,-0.7845019761286225,0.046125
2.5557054629828992,-0.7811319742599593,0.04616666666666667
2.5580120563610427,-0.7837420055720875,0.04620833333333333
2.5603186497391857,-0.7898804296209768,0.04625
2.562625243117329,-0.791265435673944,0.04629166666666667
2.5649318364954725,-0.787396861924362,0.04633333333333333
2.567238429873616,-0.7852863341435964,0.046375
2.5695450232517594,-0.788235706721666,0.04641666666666667
2.571851616629903,-0.7921134134752426,0.04645833333333333
2.5741582100080462,-0.7931534552449315,0.0465
2.5764648033861897,-0.7934973465507811,0.04654166666666666
2.578771396764333,-0.7966206610906206,0.04658333333333333
2.5810779901424765,-0.801461381991388,0.046625
2.58338458352062,-0.804481003804181,0.04666666666666666
2.5856911768987634,-0.8051319642437831,0.04670833333333333
2.587997770276907,-0.8056932777522074,0.04675
2.5903043636550502,-0.806710005210272,0.04679166666666666
2.5926109570331937,-0.8060921171446921,0.04683333333333333
2.594917550411337,-0.8030030952180395,0.046875
2.5972241437894805,-0.7996818755334358,0.04691666666666666
2.599530737167624,-0.7981631116497356,0.04695833333333333
2.6018373305457674,-0.7972924846350193,0.047
2.604143923923911,-0.7947309649644881,0.04704166666666666
2.6064505173020542,-0.7906749724423107,0.04708333333333333
2.6087571106801977,-0.7876906582310077,0.047125
2.611063704058341,-0.7872984869073913,0.04716666666666666
2.6133702974364845,-0.7884827362792015,0.04720833333333333
2.6156768908146275,-0.7897722473619183,0.04725
2.617983484192771,-0.7913010099976562,0.04729166666666666
2.6202900775709144,-0.794048382590945,0.04733333333333333
2.622596670949058,-0.7979648698434675,0.047375
2.6249032643272012,-0.8018117659301859,0.04741666666666666
2.6272098577053447,-0.8045130798489969,0.04745833333333333
2.629516451083488,-0.8058607942310877,0.0475
2.6318230444616315,-0.8059371551108147,0.04754166666666666
2.634129637839775,-0.8045440643897896,0.04758333333333333
2.6364362312179184,-0.8014884267944529,0.047625
2.638742824596062,-0.797082805414089,0.04766666666666666
2.6410494179742052,-0.7920414498691009,0.04770833333333333
2.6433560113523487,-0.7869160842566565,0.04775
2.645662604730492,-0.7817310357846012,0.04779166666666666
2.6479691981086355,-0.7761389357726091,0.04783333333333333
2.650275791486779,-0.7699317358147928,0.047875
2.6525823848649224,-0.763467628972682,0.04791666666666666
2.654888978243066,-0.7575152416944638,0.04795833333333333
2.6571955716212092,-0.752434198104945,0.048
2.6595021649993527,-0.7474382839656996,0.04804166666666666
2.661808758377496,-0.7409126708529401,0.04808333333333333
2.6641153517556395,-0.7316596397732535,0.048125
2.666421945133783,-0.7196532595412215,0.04816666666666666
2.6687285385119264,-0.7052950435629162,0.04820833333333333
2.67103513189007,-0.6881141742606666,0.04825
2.673341725268213,-0.6667469240709253,0.04829166666666666
2.675648318646356,-0.6402914183027405,0.04833333333333333
2.6779549120244996,-0.6089854168426702,0.048375
2.680261505402643,-0.573000520826383,0.04841666666666666
2.6825680987807865,-0.5313190870941586,0.04845833333333333
2.68487469215893,-0.4833429115089033,0.0485
2.6871812855370734,-0.4319332935562172,0.048541666666666664
2.689487878915217,-0.3830878400277784,0.04858333333333333
2.69179447229336,-0.3406521723642352,0.048625
2.6941010656715036,-0.3016878974501964,0.048666666666666664
2.696407659049647,-0.2592389357115567,0.04870833333333333
2.6987142524277905,-0.2106398143061102,0.04875
2.701020845805934,-0.1615281292233965,0.048791666666666664
2.7033274391840774,-0.120041337855255,0.04883333333333333
2.705634032562221,-0.08803959952235949,0.048875
2.707940625940364,-0.06026014770288447,0.048916666666666664
2.7102472193185076,-0.03201494839765874,0.04895833333333333
2.712553812696651,-0.005092097604844023,0.048999999999999995
2.7148604060747945,0.01529457854659087,0.049041666666666664
2.717166999452938,0.0273565484863212,0.04908333333333333
2.7194735928310814,0.03413172392497366,0.049124999999999995
2.721780186209225,0.03891880587994667,0.049166666666666664
2.7240867795873682,0.04211749273600797,0.04920833333333333
2.7263933729655117,0.04312995711508783,0.049249999999999995
2.7286999663436546,0.04295703097423647,0.049291666666666664
2.731006559721798,0.04321555075904426,0.04933333333333333
2.7333131530999415,0.04388872618678038,0.049374999999999995
2.735619746478085,0.04388461615469275,0.049416666666666664
2.7379263398562284,0.04326785466570017,0.04945833333333333
2.740232933234372,0.04323337546619267,0.049499999999999995
2.742539526612515,0.04400790265320159,0.049541666666666664
2.7448461199906586,0.04444785640200456,0.04958333333333333
2.747152713368802,0.04403339087738603,0.049624999999999996
2.7494593067469455,0.04375903070727964,0.049666666666666665
2.751765900125089,0.04438038814521478,0.049708333333333334
2.7540724935032324,0.04508916959146316,0.049749999999999996
2.756379086881376,0.0449203455576718,0.049791666666666665
2.758685680259519,0.04442678503583077,0.049833333333333334
2.7609922736376626,0.04469726082176985,0.049874999999999996
2.763298867015806,0.04542951862721294,0.049916666666666665
2.7656054603939495,0.04542587798867205,0.049958333333333334
2.767912053772093,0.04466595494859992,0.049999999999999996
2.7702186471502364,0.04435703676608515,0.050041666666666665
2.77252524052838,0.04486944743392754,0.050083333333333334
2.774831833906523,0.04513529498358258,0.050124999999999996
2.7771384272846666,0.04453445418239884,0.050166666666666665
2.77944502066281,0.04397527264817809,0.050208333333333334
2.7817516140409535,0.04432229384347181,0.050249999999999996
2.7840582074190965,0.04495214039489672,0.050291666666666665
2.78636480079724,0.04490919841098937,0.050333333333333334
2.7886713941753833,0.04452777539402542,0.050374999999999996
2.7909779875535268,0.04469423247747191,0.050416666666666665
2.79328458093167,0.04525642837370036,0.050458333333333334
2.7955911743098136,0.04551081796948771,0.050499999999999996
2.797897767687957,0.04567260411887927,0.050541666666666665
2.8002043610661005,0.04638551542863299,0.050583333333333334
2.802510954444244,0.04728851986450861,0.050624999999999996
2.8048175478223873,0.0477218007440626,0.050666666666666665
2.8071241412005308,0.04806694813986903,0.050708333333333334
2.809430734578674,0.04764452573059035,0.050749999999999997
2.8117373279568176,0.0415623292213109,0.050791666666666666
2.814043921334961,0.02411012450300659,0.050833333333333335
2.8163505147131045,-0.002113309540632188,0.050875
2.818657108091248,-0.02404804955270098,0.050916666666666666
2.8209637014693913,-0.02994201800553285,0.050958333333333335
2.823270294847535,-0.02220469516901033,0.051
2.825576888225678,-0.01376913823993447,0.051041666666666666
2.8278834816038216,-0.01149347155039894,0.051083333333333335
2.830190074981965,-0.008396020785426329,0.051125
2.8324966683601085,0.005646296850233145,0.051166666666666666
2.834803261738252,0.03077438011644125,0.051208333333333335
2.8371098551163954,0.05920931178610999,0.05125
2.839416448494539,0.08658679838510304,0.051291666666666666
2.8417230418726818,0.1146846135887349,0.051333333333333335
2.844029635250825,0.1439115041878119,0.051375
2.8463362286289686,0.1702096110987382,0.051416666666666666
2.848642822007112,0.1914523451775144,0.05145833333333333
2.8509494153852555,0.2110090279848791,0.0515
2.853256008763399,0.2311541114032018,0.051541666666666666
2.8555626021415423,0.2475561786949679,0.05158333333333333
2.8578691955196858,0.2554419433876758,0.051625
2.860175788897829,0.2580232466381647,0.051666666666666666
2.8624823822759726,0.2625304269558739,0.05170833333333333
2.864788975654116,0.2692708061067455,0.05175
2.8670955690322595,0.2715626837469041,0.051791666666666666
2.869402162410403,0.2671597242238026,0.05183333333333333
2.8717087557885463,0.262572969425411,0.051875
2.8740153491666898,0.2631683568913806,0.051916666666666667
2.876321942544833,0.265785723957832,0.05195833333333333
2.8786285359229766,0.2664070727547925,0.052
2.88093512930112,0.2691851301436616,0.05204166666666667
2.8832417226792635,0.2798752760344321,0.05208333333333333
2.885548316057407,0.2941421584305606,0.052125
2.8878549094355503,0.3028854924142554,0.05216666666666667
2.8901615028136938,0.3089677196623539,0.05220833333333333
2.892468096191837,0.3267676852429891,0.05225
2.8947746895699806,0.3606055050820757,0.05229166666666667
2.8970812829481236,0.3954643797542379,0.05233333333333333
2.899387876326267,0.4199099455383626,0.052375
2.9016944697044105,0.4498760772055151,0.05241666666666667
2.904001063082554,0.5127864932773025,0.05245833333333333
2.9063076564606973,0.6071279299435636,0.0525
2.9086142498388408,0.6938840628651872,0.05254166666666667
2.910920843216984,0.7369739947473644,0.05258333333333333
2.9132274365951276,0.741753257651346,0.052625
2.915534029973271,0.742099348801532,0.05266666666666667
2.9178406233514145,0.7566245141826342,0.05270833333333333
2.920147216729558,0.7730586645528841,0.05275
2.9224538101077013,0.7751407661631714,0.05279166666666667
2.9247604034858448,0.7677732873909046,0.05283333333333333
2.927066996863988,0.7665852420349226,0.052875
2.9293735902421316,0.7737648914475959,0.05291666666666667
2.931680183620275,0.7777120353692524,0.05295833333333333
2.9339867769984185,0.7731023275927292,0.053
2.936293370376562,0.7683503495699092,0.05304166666666667
2.9385999637547053,0.7712082141538142,0.05308333333333333
2.9409065571328488,0.7773965713228327,0.053125
2.943213150510992,0.7789938818384515,0.05316666666666667
2.9455197438891356,0.7769786893729802,0.05320833333333333
2.947826337267279,0.7782561716172013,0.05325
2.9501329306454225,0.7840350392341461,0.05329166666666667
2.952439524023566,0.7886432752425844,0.05333333333333333
2.954746117401709,0.7889396050364421,0.053375
2.9570527107798523,0.7881043501857824,0.05341666666666667
2.9593593041579958,0.7889585351238667,0.05345833333333333
2.961665897536139,0.7892754394666837,0.0535
2.9639724909142826,0.7864517567028251,0.05354166666666667
2.966279084292426,0.7825162036649156,0.05358333333333333
2.9685856776705695,0.7808460852847817,0.053625
2.970892271048713,0.7806962784308631,0.05366666666666667
2.9731988644268563,0.7788844780507802,0.05370833333333333
2.9755054578049998,0.7753083630648778,0.05375
2.977812051183143,0.7728669268217887,0.05379166666666667
2.9801186445612866,0.7725450880753628,0.05383333333333333
2.98242523793943,0.7725093425091046,0.053875
2.9847318313175735,0.7724254409430928,0.05391666666666667
2.987038424695717,0.7748351514568133,0.05395833333333333
2.9893450180738603,0.7807250015914371,0.054
2.9916516114520038,0.786925587039817,0.05404166666666666
2.993958204830147,0.7902463479130059,0.05408333333333333
2.9962647982082906,0.7917838816072412,0.054125
2.998571391586434,0.7942887969217071,0.05416666666666666
3.0008779849645775,0.7969931597852602,0.05420833333333333
3.003184578342721,0.7965485721963987,0.05425
3.0054911717208643,0.7925445129307344,0.05429166666666666
3.0077977650990078,0.7884544911315943,0.05433333333333333
3.0101043584771507,0.7864080093178015,0.054375
3.012410951855294,0.784296795809975,0.05441666666666666
3.0147175452334376,0.7797902465992081,0.05445833333333333
3.017024138611581,0.7745800967196053,0.0545
3.0193307319897245,0.7720293663194134,0.05454166666666666
3.021637325367868,0.7722020486411171,0.05458333333333333
3.0239439187460113,0.7722445811848878,0.054625
3.0262505121241547,0.7712571681430356,0.05466666666666666
3.028557105502298,0.7718218714168783,0.05470833333333333
3.0308636988804416,0.7760386215222398,0.05475
3.033170292258585,0.7824216950381035,0.05479166666666666
3.0354768856367285,0.7880101763620372,0.05483333333333333
3.037783479014872,0.7918329089857534,0.054875
3.0400900723930153,0.7947106049736146,0.05491666666666666
3.0423966657711587,0.7968405368909933,0.05495833333333333
3.044703259149302,0.7974580208656844,0.055
3.0470098525274456,0.7964206673541123,0.05504166666666666
3.049316445905589,0.7943685528352115,0.05508333333333333
3.0516230392837325,0.7912928979027247,0.055125
3.053929632661876,0.7865355270837082,0.05516666666666666
3.0562362260400193,0.7806249265875064,0.05520833333333333
3.0585428194181628,0.7757151817733551,0.05525
3.060849412796306,0.7733520590774122,0.05529166666666666
3.0631560061744496,0.7727417787018577,0.05533333333333333
3.0654625995525926,0.7721779359300427,0.055375
3.067769192930736,0.7715241329471023,0.05541666666666666
3.0700757863088795,0.7721955879629532,0.05545833333333333
3.072382379687023,0.774964879154495,0.0555
3.0746889730651663,0.7789052076564641,0.05554166666666666
3.0769955664433097,0.7826821374104155,0.05558333333333333
3.079302159821453,0.7860161214744513,0.055625
3.0816087531995966,0.789410877005768,0.05566666666666666
3.08391534657774,0.7929532611221396,0.05570833333333333
3.0862219399558835,0.7958918665189645,0.05575
3.088528533334027,0.7972181253501547,0.05579166666666666
3.0908351267121703,0.7963391369202434,0.05583333333333333
3.0931417200903137,0.7933261075043102,0.055875
3.095448313468457,0.7888536515527248,0.05591666666666666
3.0977549068466006,0.7839541357530473,0.05595833333333333
3.100061500224744,0.7796152522571754,0.056
3.1023680936028875,0.7763856057063305,0.05604166666666666
3.104674686981031,0.7742340192046167,0.05608333333333333
3.1069812803591743,0.7728220399588194,0.056125
3.1092878737373177,0.7720930103818189,0.05616666666666666
3.111594467115461,0.7725868149027698,0.05620833333333333
3.1139010604936046,0.774799339460995,0.05625
3.116207653871748,0.7780653782991553,0.05629166666666666
3.1185142472498915,0.7806793038495946,0.05633333333333333
3.120820840628035,0.781780199778474,0.056375
3.123127434006178,0.7826532321893711,0.056416666666666664
3.1254340273843213,0.7850868486321383,0.05645833333333333
3.1277406207624647,0.7885724302214062,0.056499999999999995
3.130047214140608,0.7905460708836266,0.056541666666666664
3.1323538075187516,0.7898030414948103,0.05658333333333333
3.134660400896895,0.78807726893094,0.056624999999999995
3.1369669942750384,0.7871349680482567,0.056666666666666664
3.139273587653182,0.7858479965992184,0.05670833333333333
3.1415801810313253,0.7821546435739616,0.056749999999999995
3.1438867744094687,0.7769710749139543,0.056791666666666664
3.146193367787612,0.77350206940707,0.05683333333333333
3.1484999611657556,0.7727128231114705,0.056874999999999995
3.150806554543899,0.7723554028438094,0.056916666666666664
3.1531131479220424,0.771221016161254,0.05695833333333333
3.155419741300186,0.7711722894645974,0.056999999999999995
3.1577263346783293,0.7730461278518895,0.057041666666666664
3.1600329280564727,0.7737431940036079,0.05708333333333333
3.162339521434616,0.7708803468090254,0.057124999999999995
3.1646461148127596,0.767845164719989,0.057166666666666664
3.166952708190903,0.7691701146144099,0.05720833333333333
3.1692593015690464,0.7719280924429188,0.057249999999999995
3.17156589494719,0.7680153948961452,0.057291666666666664
3.1738724883253333,0.7557519781014985,0.05733333333333333
3.1761790817034767,0.7412108527546554,0.057374999999999995
3.1784856750816197,0.7232141407443387,0.057416666666666664
3.180792268459763,0.6851405801106062,0.057458333333333333
3.1830988618379066,0.6132191294914197,0.057499999999999996
3.18540545521605,0.5214922646256641,0.057541666666666665
3.1877120485941934,0.4458298636334684,0.057583333333333334
3.190018641972337,0.4075834945332515,0.057624999999999996
3.1923252353504803,0.392010838007101,0.057666666666666665
3.1946318287286237,0.3703989085397961,0.057708333333333334
3.196938422106767,0.3361755606972254,0.057749999999999996
3.1992450154849106,0.307344840341763,0.057791666666666665
3.201551608863054,0.296426417137833,0.057833333333333334
3.2038582022411974,0.2933133353631655,0.057874999999999996
3.206164795619341,0.2830381112123564,0.057916666666666665
3.2084713889974843,0.2679026482834009,0.057958333333333334
3.2107779823756277,0.2608304363629652,0.057999999999999996
3.213084575753771,0.2635975562081767,0.058041666666666665
3.2153911691319146,0.2651018793907462,0.058083333333333334
3.217697762510058,0.2603283598083895,0.058124999999999996
3.2200043558882014,0.2578952690162829,0.058166666666666665
3.222310949266345,0.2643856501130399,0.058208333333333334
3.2246175426444883,0.2719195684185304,0.058249999999999996
3.2269241360226317,0.2695581342164862,0.058291666666666665
3.229230729400775,0.2599668202653158,0.058333333333333334
3.2315373227789186,0.2542339500905974,0.058374999999999996
3.2338439161570616,0.2530606240748365,0.058416666666666665
3.236150509535205,0.2443963373880208,0.058458333333333334
3.2384571029133484,0.2213889385262086,0.058499999999999996
3.240763696291492,0.192733099904378,0.058541666666666665
3.2430702896696353,0.1700490227182066,0.058583333333333334
3.2453768830477787,0.1523626883736101,0.058625
3.247683476425922,0.1303048734110344,0.058666666666666666
3.2499900698040656,0.1010729513532815,0.058708333333333335
3.252296663182209,0.0708591332285072,0.05875
3.2546032565603524,0.04415202114962172,0.058791666666666666
3.256909849938496,0.01929405918754985,0.058833333333333335
3.2592164433166393,-0.004070897732253865,0.058875
3.2615230366947827,-0.02106809263451338,0.058916666666666666
3.263829630072926,-0.0289743780598256,0.058958333333333335
3.2661362234510696,-0.03222840065309485,0.059
3.268442816829213,-0.03437721409957907,0.059041666666666666
3.2707494102073564,-0.02957766039661184,0.05908333333333333
3.2730560035855,-0.009833651684348315,0.059125
3.2753625969636433,0.02044536777475377,0.059166666666666666
3.2776691903417867,0.04483868232680178,0.05920833333333333
3.27997578371993,0.05206053939627089,0.05925
3.2822823770980736,0.04723756800354226,0.059291666666666666
3.284588970476217,0.04313953482176881,0.05933333333333333
3.2868955638543604,0.04493374016909424,0.059375
3.289202157232504,0.04814154347791731,0.059416666666666666
3.291508750610647,0.04837299806437657,0.05945833333333333
3.2938153439887903,0.04687665237896549,0.0595
3.2961219373669337,0.04643948733191031,0.059541666666666666
3.298428530745077,0.04693877753249166,0.05958333333333333
3.3007351241232206,0.04694025751457843,0.059625
3.303041717501364,0.04654519931177496,0.059666666666666666
3.3053483108795074,0.04649877798236096,0.05970833333333333
3.307654904257651,0.04646089969843637,0.05975
3.3099614976357943,0.04602193624274158,0.05979166666666667
3.3122680910139377,0.04593480684041915,0.05983333333333333
3.314574684392081,0.04667685443724078,0.059875
3.3168812777702246,0.04714220282741243,0.05991666666666667
3.319187871148368,0.0464655913064724,0.05995833333333333
