Length,B.n,time,angle_value
0.0,-0.009816389559942884,0.0,0.25
0.0023065933781434107,-0.01909208229204296,4.1666666666666665e-05,0.5
0.004613186756286821,-0.028364503694128598,8.333333333333333e-05,0.75
0.006919780134430232,-0.03763206498452711,0.000125,1.0
0.009226373512573643,-0.04689317821432092,0.00016666666666666666,1.25
0.011532966890717054,-0.05614625653943447,0.00020833333333333332,1.5
0.013839560268860464,-0.06538971449253167,0.00025,1.75
0.016146153647003874,-0.07462196825467778,0.00029166666666666664,2.0
0.018452747025147286,-0.08384143592671836,0.0003333333333333333,2.25
0.020759340403290697,-0.09304653780032981,0.000375,2.5
0.02306593378143411,-0.10223569662869403,0.00041666666666666664,2.75
0.025372527159577517,-0.11140733789675178,0.0004583333333333333,3.0
0.02767912053772093,-0.12055989009098741,0.0005,3.25
0.02998571391586434,-0.1296917849687,0.0005416666666666666,3.5
0.03229230729400775,-0.13880145782671333,0.0005833333333333333,3.75
0.03459890067215116,-0.14788734776947987,0.000625,4.0
0.03690549405029457,-0.1569478979765323,0.0006666666666666666,4.25
0.03921208742843798,-0.16598155596923642,0.0007083333333333333,4.5
0.041518680806581394,-0.17498677387680056,0.00075,4.75
0.0438252741847248,-0.18396200870149534,0.0007916666666666666,5.0
0.04613186756286822,-0.1929057225830381,0.0008333333333333333,5.25
0.048438460941011625,-0.2018163830620977,0.000875,5.5
0.050745054319155034,-0.2106924633428731,0.0009166666666666666,5.75
0.05305164769729845,-0.2195324425547025,0.0009583333333333333,6.0
0.05535824107544186,-0.22833480601265627,0.001,6.25
0.057664834453585265,-0.23709804547707056,0.0010416666666666667,6.5
0.05997142783172868,-0.24582065941197637,0.0010833333333333333,6.75
0.06227802120987209,-0.25450115324238015,0.001125,7.0
0.0645846145880155,-0.2631380396103514,0.0011666666666666665,7.25
0.06689120796615891,-0.2717298386298738,0.0012083333333333334,7.5
0.06919780134430233,-0.2802750781404159,0.00125,7.75
0.07150439472244573,-0.2887722939591788,0.0012916666666666667,8.0
0.07381098810058914,-0.29722003013197545,0.0013333333333333333,8.25
0.07611758147873256,-0.30561683918270205,0.001375,8.5
0.07842417485687596,-0.31396128236135434,0.0014166666666666666,8.75
0.08073076823501937,-0.3222519298905512,0.0014583333333333332,9.0
0.08303736161316279,-0.33048736121051875,0.0015,9.25
0.08534395499130619,-0.3386661652224966,0.0015416666666666667,9.5
0.0876505483694496,-0.34678694053052156,0.0015833333333333333,9.75
0.08995714174759302,-0.35484829568155074,0.001625,10.0
0.09226373512573643,-0.3628488494038789,0.0016666666666666666,10.25
0.09457032850387984,-0.37078723084381265,0.0017083333333333332,10.5
0.09687692188202325,-0.37866207980055927,0.00175,10.75
0.09918351526016667,-0.3864720469592897,0.0017916666666666667,11.0
0.10149010863831007,-0.3942157941223372,0.0018333333333333333,11.25
0.10379670201645348,-0.40189199443849033,0.001875,11.5
0.1061032953945969,-0.4094993326303421,0.0019166666666666666,11.75
0.1084098887727403,-0.41703650521965585,0.001958333333333333,12.0
0.11071648215088371,-0.42450222075071015,0.002,12.25
0.11302307552902713,-0.43189520001158216,0.0020416666666666665,12.5
0.11532966890717053,-0.4392141762533347,0.0020833333333333333,12.75
0.11763626228531394,-0.44645789540706704,0.0021249999999999997,13.0
0.11994285566345736,-0.4536251162987929,0.0021666666666666666,13.25
0.12224944904160076,-0.46071461086210946,0.0022083333333333334,13.5
0.12455604241974418,-0.46772516434862016,0.00225,13.75
0.1268626357978876,-0.47465557553607535,0.0022916666666666667,14.0
0.129169229176031,-0.4815046569341961,0.002333333333333333,14.25
0.13147582255417442,-0.48827123498814384,0.002375,14.5
0.13378241593231782,-0.4949541502796035,0.002416666666666667,14.75
0.13608900931046122,-0.5015522577254437,0.002458333333333333,15.0
0.13839560268860465,-0.5080644267739207,0.0025,15.25
0.14070219606674805,-0.514489541598393,0.0025416666666666665,15.5
0.14300878944489145,-0.5208265012885115,0.0025833333333333333,15.75
0.14531538282303488,-0.5270742200388567,0.0026249999999999997,16.0
0.14762197620117828,-0.5332316273349835,0.0026666666666666666,16.25
0.14992856957932169,-0.5392976681368504,0.0027083333333333334,16.5
0.15223516295746511,-0.545271303059594,0.00275,16.75
0.15454175633560852,-0.5511515085516228,0.0027916666666666667,17.0
0.15684834971375192,-0.5569372770699969,0.002833333333333333,17.25
0.15915494309189535,-0.5626276172530662,0.002875,17.5
0.16146153647003875,-0.5682215540903338,0.0029166666666666664,17.75
0.16376812984818215,-0.5737181290895207,0.002958333333333333,18.0
0.16607472322632558,-0.579116400440797,0.003,18.25
0.16838131660446898,-0.5844154431781573,0.0030416666666666665,18.5
0.17068790998261238,-0.5896143493379079,0.0030833333333333333,18.75
0.1729945033607558,-0.5947122281142424,0.0031249999999999997,19.0
0.1753010967388992,-0.5997082060118764,0.0031666666666666666,19.25
0.1776076901170426,-0.6046014269957166,0.0032083333333333334,19.5
0.17991428349518604,-0.6093910526375377,0.00325,19.75
0.18222087687332944,-0.6140762622596431,0.0032916666666666667,20.0
0.18452747025147287,-0.6186562530754836,0.003333333333333333,20.25
0.18683406362961627,-0.6231302403272105,0.003375,20.5
0.18914065700775967,-0.6274974574201407,0.0034166666666666664,20.75
0.1914472503859031,-0.6317571560541078,0.0034583333333333332,21.0
0.1937538437640465,-0.6359086063516795,0.0035,21.25
0.1960604371421899,-0.6399510969832196,0.0035416666666666665,21.5
0.19836703052033333,-0.6438839352887686,0.0035833333333333333,21.75
0.20067362389847673,-0.6477064473967296,0.0036249999999999998,22.0
0.20298021727662013,-0.6514179783393311,0.0036666666666666666,22.25
0.20528681065476356,-0.655017892164853,0.003708333333333333,22.5
0.20759340403290696,-0.6585055720465937,0.00375,22.75
0.20989999741105037,-0.6618804203885601,0.0037916666666666667,23.0
0.2122065907891938,-0.6651418589278628,0.003833333333333333,23.25
0.2145131841673372,-0.668289328833798,0.003875,23.5
0.2168197775454806,-0.6713222908036001,0.003916666666666666,23.75
0.21912637092362403,-0.6742402251548497,0.003958333333333333,24.0
0.22143296430176743,-0.6770426319145171,0.004,24.25
0.22373955767991083,-0.679729030904631,0.0040416666666666665,24.5
0.22604615105805426,-0.6822989618245539,0.004083333333333333,24.75
0.22835274443619766,-0.684751984329853,0.004125,25.0
0.23065933781434106,-0.6870876781077498,0.004166666666666667,25.25
0.2329659311924845,-0.6893056429491402,0.004208333333333333,25.5
0.2352725245706279,-0.6914054988171663,0.0042499999999999994,25.75
0.2375791179487713,-0.6933868859123352,0.004291666666666667,26.0
0.23988571132691472,-0.6952494647341684,0.004333333333333333,26.25
0.24219230470505812,-0.6969929161393736,0.0043749999999999995,26.5
0.24449889808320152,-0.6986169413965274,0.004416666666666667,26.75
0.24680549146134495,-0.700121262237263,0.004458333333333333,27.0
0.24911208483948835,-0.7015056209039483,0.0045,27.25
0.25141867821763175,-0.7027697801938525,0.004541666666666667,27.5
0.2537252715957752,-0.7039135234997893,0.004583333333333333,27.75
0.2560318649739186,-0.7049366548472309,0.004625,28.0
0.258338458352062,-0.7058389989278885,0.004666666666666666,28.25
0.2606450517302054,-0.7066204011297487,0.0047083333333333335,28.5
0.26295164510834884,-0.7072807275635672,0.00475,28.75
0.2652582384864922,-0.7078198650858086,0.004791666666666666,29.0
0.26756483186463564,-0.7082377213180342,0.004833333333333334,29.25
0.2698714252427791,-0.70853422466273,0.004875,29.5
0.27217801862092245,-0.7087093243155739,0.004916666666666666,29.75
0.2744846119990659,-0.7087629902741417,0.004958333333333333,30.0
0.2767912053772093,-0.7086952133430482,0.005,30.25
0.2790977987553527,-0.708506005135521,0.0050416666666666665,30.5
0.2814043921334961,-0.7081953980714127,0.005083333333333333,30.75
0.28371098551163954,-0.7077634453716447,0.005125,31.0
0.2860175788897829,-0.7072102210490887,0.005166666666666667,31.25
0.28832417226792634,-0.706535819895884,0.005208333333333333,31.5
0.29063076564606977,-0.7057403574671964,0.0052499999999999995,31.75
0.29293735902421314,-0.7048239700614182,0.005291666666666667,32.0
0.29524395240235657,-0.7037868146968135,0.005333333333333333,32.25
0.2975505457805,-0.7026290690846151,0.005375,32.5
0.29985713915864337,-0.7013509315985731,0.005416666666666667,32.75
0.3021637325367868,-0.6999526212409662,0.005458333333333333,33.0
0.30447032591493023,-0.698434377605076,0.0055,33.25
0.3067769192930736,-0.696796460834133,0.005541666666666666,33.5
0.30908351267121703,-0.6950391515767439,0.005583333333333333,33.75
0.31139010604936046,-0.6931627509388035,0.005625,34.0
0.31369669942750383,-0.6911675804319013,0.005666666666666666,34.25
0.31600329280564726,-0.6890539819182326,0.0057083333333333335,34.5
0.3183098861837907,-0.6868223175520218,0.00575,34.75
0.32061647956193406,-0.6844729697174693,0.005791666666666666,35.0
0.3229230729400775,-0.6820063409632323,0.005833333333333333,35.25
0.3252296663182209,-0.6794228539334495,0.005875,35.5
0.3275362596963643,-0.6767229512953236,0.005916666666666666,35.75
0.3298428530745077,-0.6739070956632724,0.005958333333333333,36.0
0.33214944645265115,-0.6709757695196626,0.006,36.25
0.3344560398307945,-0.6679294751321384,0.0060416666666666665,36.5
0.33676263320893796,-0.6647687344675605,0.006083333333333333,36.75
0.3390692265870814,-0.6614940891025703,0.006124999999999999,37.0
0.34137581996522476,-0.6581061001307935,0.006166666666666667,37.25
0.3436824133433682,-0.6546053480666987,0.006208333333333333,37.5
0.3459890067215116,-0.6509924327461301,0.0062499999999999995,37.75
0.348295600099655,-0.6472679732235286,0.006291666666666667,38.0
0.3506021934777984,-0.64343260766586,0.006333333333333333,38.25
0.35290878685594185,-0.6394869932432679,0.006375,38.5
0.3552153802340852,-0.6354318060164715,0.006416666666666667,38.75
0.35752197361222865,-0.6312677408209263,0.006458333333333333,39.0
0.3598285669903721,-0.6269955111477664,0.0065,39.25
0.36213516036851545,-0.6226158490215532,0.006541666666666666,39.5
0.3644417537466589,-0.6181295048748453,0.006583333333333333,39.75
0.3667483471248023,-0.6135372474196165,0.006625,40.0
0.36905494050294574,-0.6088398635155405,0.006666666666666666,40.25
0.3713615338810891,-0.6040381580351677,0.0067083333333333335,40.5
0.37366812725923254,-0.599132953726012,0.00675,40.75
0.37597472063737597,-0.5941250910695807,0.006791666666666666,41.0
0.37828131401551934,-0.5890154281373585,0.006833333333333333,41.25
0.38058790739366277,-0.5838048404437851,0.006875,41.5
0.3828945007718062,-0.5784942207962369,0.0069166666666666664,41.75
0.3852010941499496,-0.5730844791420519,0.006958333333333333,42.0
0.387507687528093,-0.5675765424126126,0.007,42.25
0.38981428090623643,-0.5619713543645231,0.0070416666666666666,42.5
0.3921208742843798,-0.5562698754178995,0.007083333333333333,42.75
0.39442746766252323,-0.5504730824918083,0.007124999999999999,43.0
0.39673406104066666,-0.5445819688368753,0.007166666666666667,43.25
0.39904065441881004,-0.5385975438650977,0.007208333333333333,43.5
0.40134724779695347,-0.5325208329768866,0.0072499999999999995,43.75
0.4036538411750969,-0.5263528773853696,0.007291666666666667,44.0
0.40596043455324027,-0.5200947339379848,0.007333333333333333,44.25
0.4082670279313837,-0.5137474749353946,0.007375,44.5
0.4105736213095271,-0.5073121879477533,0.007416666666666666,44.75
0.4128802146876705,-0.5007899756283577,0.007458333333333333,45.0
0.41518680806581393,-0.4941819555247118,0.0075,45.25
0.41749340144395736,-0.48748925988704256,0.007541666666666666,45.5
0.41979999482210073,-0.48071303547429317,0.007583333333333333,45.75
0.42210658820024416,-0.4738544433576326,0.007625,46.0
0.4244131815783876,-0.4669146587215123,0.007666666666666666,46.25
0.42671977495653096,-0.4598948706623031,0.007708333333333333,46.5
0.4290263683346744,-0.4527962819845513,0.00775,46.75
0.4313329617128178,-0.44562010899488297,0.007791666666666666,47.0
0.4336395550909612,-0.438367581293597,0.007833333333333333,47.25
0.4359461484691046,-0.4310399415639788,0.007875,47.5
0.43825274184724805,-0.4236384453593734,0.007916666666666666,47.75
0.4405593352253914,-0.4161643608880523,0.007958333333333333,48.0
0.44286592860353485,-0.408618968795913,0.008,48.25
0.4451725219816783,-0.4010035619470467,0.008041666666666666,48.5
0.44747911535982166,-0.3933194452022127,0.008083333333333333,48.75
0.4497857087379651,-0.38556793519525734,0.008125,49.0
0.4520923021161085,-0.3777503601075155,0.008166666666666666,49.25
0.4543988954942519,-0.3698680594402335,0.008208333333333333,49.5
0.4567054888723953,-0.36192238378505226,0.00825,49.75
0.45901208225053874,-0.35391469459259095,0.008291666666666666,50.0
0.4613186756286821,-0.3458463639391691,0.008333333333333333,50.25
0.46362526900682555,-0.3377187742917082,0.008375,50.5
0.465931862384969,-0.32953331827085336,0.008416666666666666,50.75
0.46823845576311235,-0.32129139841235504,0.008458333333333333,51.0
0.4705450491412558,-0.31299442692675133,0.008499999999999999,51.25
0.4728516425193992,-0.3046438254573935,0.008541666666666666,51.5
0.4751582358975426,-0.29624102483685427,0.008583333333333333,51.75
0.477464829275686,-0.2877874648417621,0.008624999999999999,52.0
0.47977142265382944,-0.27928459394610333,0.008666666666666666,52.25
0.4820780160319728,-0.2707338690730329,0.008708333333333334,52.5
0.48438460941011624,-0.2621367553452385,0.008749999999999999,52.75
0.48669120278825967,-0.25349472583389937,0.008791666666666666,53.0
0.48899779616640304,-0.24480926130628305,0.008833333333333334,53.25
0.49130438954454647,-0.23608184997202347,0.008875,53.5
0.4936109829226899,-0.22731398722812388,0.008916666666666666,53.75
0.4959175763008333,-0.21850717540272824,0.008958333333333334,54.0
0.4982241696789767,-0.2096629234977055,0.009,54.25
0.5005307630571201,-0.2007827469300889,0.009041666666666667,54.5
0.5028373564352635,-0.19186816727241843,0.009083333333333334,54.75
0.5051439498134069,-0.18292071199202578,0.009125,55.0
0.5074505431915504,-0.1739419141893117,0.009166666666666667,55.25
0.5097571365696938,-0.16493331233505673,0.009208333333333332,55.5
0.5120637299478372,-0.15589645000681215,0.00925,55.75
0.5143703233259805,-0.14683287562441602,0.009291666666666667,56.0
0.516676916704124,-0.1377441421846793,0.009333333333333332,56.25
0.5189835100822674,-0.12863180699528806,0.009375,56.5
0.5212901034604108,-0.11949743140796652,0.009416666666666667,56.75
0.5235966968385543,-0.11034258055094764,0.009458333333333332,57.0
0.5259032902166977,-0.10116882306079657,0.0095,57.25
0.528209883594841,-0.09197773081363254,0.009541666666666667,57.5
0.5305164769729844,-0.08277087865579628,0.009583333333333333,57.75
0.5328230703511279,-0.07354984413400792,0.009625,58.0
0.5351296637292713,-0.06431620722506287,0.009666666666666667,58.25
0.5374362571074147,-0.05507155006511061,0.009708333333333333,58.5
0.5397428504855581,-0.04581745667856369,0.00975,58.75
0.5420494438637015,-0.036555512706683876,0.009791666666666666,59.0
0.5443560372418449,-0.027287305135890096,0.009833333333333333,59.25
0.5466626306199883,-0.018014422025836682,0.009875,59.5
0.5489692239981318,-0.0087384522373076,0.009916666666666666,59.75
0.5512758173762752,0.0005390148400266329,0.009958333333333333,60.0
0.5535824107544186,0.009816389559942905,0.01,60.25
0.5558890041325619,0.0190920822920429,0.010041666666666666,60.5
0.5581955975107054,0.028364503694128504,0.010083333333333333,60.75
0.5605021908888488,0.03763206498452708,0.010125,61.0
0.5628087842669922,0.04689317821432085,0.010166666666666666,61.25
0.5651153776451356,0.05614625653943444,0.010208333333333333,61.5
0.5674219710232791,0.06538971449253163,0.01025,61.75
0.5697285644014224,0.0746219682546778,0.010291666666666666,62.0
0.5720351577795658,0.0838414359267184,0.010333333333333333,62.25
0.5743417511577092,0.09304653780032983,0.010374999999999999,62.5
0.5766483445358527,0.10223569662869406,0.010416666666666666,62.75
0.5789549379139961,0.11140733789675172,0.010458333333333333,63.0
0.5812615312921395,0.12055989009098743,0.010499999999999999,63.25
0.5835681246702829,0.1296917849687,0.010541666666666666,63.5
0.5858747180484263,0.13880145782671324,0.010583333333333333,63.75
0.5881813114265697,0.14788734776947987,0.010624999999999999,64.0
0.5904879048047131,0.1569478979765323,0.010666666666666666,64.25
0.5927944981828566,0.16598155596923636,0.010708333333333334,64.5
0.595101091561,0.17498677387680056,0.01075,64.75
0.5974076849391434,0.1839620087014953,0.010791666666666666,65.0
0.5997142783172867,0.1929057225830381,0.010833333333333334,65.25
0.6020208716954302,0.20181638306209762,0.010875,65.5
0.6043274650735736,0.2106924633428731,0.010916666666666667,65.75
0.606634058451717,0.2195324425547025,0.010958333333333334,66.0
0.6089406518298605,0.22833480601265618,0.011,66.25
0.6112472452080039,0.23709804547707045,0.011041666666666667,66.5
0.6135538385861472,0.24582065941197626,0.011083333333333332,66.75
0.6158604319642906,0.2545011532423801,0.011125,67.0
0.6181670253424341,0.2631380396103513,0.011166666666666667,67.25
0.6204736187205775,0.27172983862987377,0.011208333333333332,67.5
0.6227802120987209,0.2802750781404159,0.01125,67.75
0.6250868054768643,0.28877229395917864,0.011291666666666667,68.0
0.6273933988550077,0.29722003013197534,0.011333333333333332,68.25
0.6296999922331511,0.305616839182702,0.011375,68.5
0.6320065856112945,0.31396128236135434,0.011416666666666667,68.75
0.634313178989438,0.3222519298905512,0.011458333333333333,69.0
0.6366197723675814,0.3304873612105187,0.0115,69.25
0.6389263657457248,0.3386661652224965,0.011541666666666667,69.5
0.6412329591238681,0.3467869405305215,0.011583333333333333,69.75
0.6435395525020116,0.3548482956815507,0.011625,70.0
0.645846145880155,0.36284884940387896,0.011666666666666665,70.25
0.6481527392582984,0.37078723084381277,0.011708333333333333,70.5
0.6504593326364418,0.3786620798005593,0.01175,70.75
0.6527659260145853,0.38647204695928955,0.011791666666666666,71.0
0.6550725193927286,0.3942157941223372,0.011833333333333333,71.25
0.657379112770872,0.4018919944384905,0.011875,71.5
0.6596857061490154,0.409499332630342,0.011916666666666666,71.75
0.6619922995271589,0.41703650521965596,0.011958333333333333,72.0
0.6642988929053023,0.42450222075071026,0.012,72.25
0.6666054862834457,0.43189520001158227,0.012041666666666666,72.5
0.668912079661589,0.43921417625333475,0.012083333333333333,72.75
0.6712186730397325,0.44645789540706715,0.012125,73.0
0.6735252664178759,0.45362511629879293,0.012166666666666666,73.25
0.6758318597960193,0.4607146108621096,0.012208333333333333,73.5
0.6781384531741628,0.46772516434862005,0.012249999999999999,73.75
0.6804450465523062,0.47465557553607535,0.012291666666666666,74.0
0.6827516399304495,0.48150465693419603,0.012333333333333333,74.25
0.685058233308593,0.48827123498814373,0.012374999999999999,74.5
0.6873648266867364,0.4949541502796034,0.012416666666666666,74.75
0.6896714200648798,0.5015522577254437,0.012458333333333333,75.0
0.6919780134430232,0.5080644267739207,0.012499999999999999,75.25
0.6942846068211667,0.5144895415983929,0.012541666666666666,75.5
0.69659120019931,0.5208265012885115,0.012583333333333334,75.75
0.6988977935774534,0.5270742200388565,0.012624999999999999,76.0
0.7012043869555968,0.5332316273349835,0.012666666666666666,76.25
0.7035109803337403,0.5392976681368504,0.012708333333333334,76.5
0.7058175737118837,0.545271303059594,0.01275,76.75
0.7081241670900271,0.5511515085516229,0.012791666666666666,77.0
0.7104307604681704,0.5569372770699969,0.012833333333333334,77.25
0.7127373538463139,0.5626276172530662,0.012875,77.5
0.7150439472244573,0.5682215540903338,0.012916666666666667,77.75
0.7173505406026007,0.5737181290895207,0.012958333333333332,78.0
0.7196571339807442,0.5791164004407972,0.013,78.25
0.7219637273588876,0.5844154431781574,0.013041666666666667,78.5
0.7242703207370309,0.5896143493379079,0.013083333333333332,78.75
0.7265769141151743,0.5947122281142424,0.013125,79.0
0.7288835074933178,0.5997082060118765,0.013166666666666667,79.25
0.7311901008714612,0.6046014269957167,0.013208333333333332,79.5
0.7334966942496046,0.6093910526375378,0.01325,79.75
0.735803287627748,0.6140762622596432,0.013291666666666667,80.0
0.7381098810058915,0.6186562530754836,0.013333333333333332,80.25
0.7404164743840348,0.6231302403272105,0.013375,80.5
0.7427230677621782,0.6274974574201407,0.013416666666666667,80.75
0.7450296611403217,0.6317571560541076,0.013458333333333333,81.0
0.7473362545184651,0.6359086063516796,0.0135,81.25
0.7496428478966085,0.6399510969832196,0.013541666666666665,81.5
0.7519494412747519,0.6438839352887686,0.013583333333333333,81.75
0.7542560346528953,0.6477064473967296,0.013625,82.0
0.7565626280310387,0.6514179783393309,0.013666666666666666,82.25
0.7588692214091821,0.6550178921648528,0.013708333333333333,82.5
0.7611758147873255,0.6585055720465935,0.01375,82.75
0.763482408165469,0.6618804203885601,0.013791666666666666,83.0
0.7657890015436124,0.6651418589278627,0.013833333333333333,83.25
0.7680955949217557,0.6682893288337978,0.013875,83.5
0.7704021882998991,0.6713222908036,0.013916666666666666,83.75
0.7727087816780426,0.6742402251548495,0.013958333333333333,84.0
0.775015375056186,0.677042631914517,0.014,84.25
0.7773219684343294,0.679729030904631,0.014041666666666666,84.5
0.7796285618124729,0.6822989618245539,0.014083333333333333,84.75
0.7819351551906162,0.684751984329853,0.014124999999999999,85.0
0.7842417485687596,0.6870876781077498,0.014166666666666666,85.25
0.786548341946903,0.6893056429491402,0.014208333333333333,85.5
0.7888549353250465,0.6914054988171663,0.014249999999999999,85.75
0.7911615287031899,0.6933868859123352,0.014291666666666666,86.0
0.7934681220813333,0.6952494647341686,0.014333333333333333,86.25
0.7957747154594766,0.6969929161393738,0.014374999999999999,86.5
0.7980813088376201,0.6986169413965276,0.014416666666666666,86.75
0.8003879022157635,0.7001212622372631,0.014458333333333333,87.0
0.8026944955939069,0.7015056209039484,0.014499999999999999,87.25
0.8050010889720504,0.7027697801938527,0.014541666666666666,87.5
0.8073076823501938,0.7039135234997893,0.014583333333333334,87.75
0.8096142757283371,0.7049366548472311,0.014624999999999999,88.0
0.8119208691064805,0.7058389989278885,0.014666666666666666,88.25
0.814227462484624,0.7066204011297488,0.014708333333333334,88.5
0.8165340558627674,0.7072807275635671,0.01475,88.75
0.8188406492409108,0.7078198650858086,0.014791666666666667,89.0
0.8211472426190543,0.7082377213180343,0.014833333333333332,89.25
0.8234538359971976,0.7085342246627301,0.014875,89.5
0.825760429375341,0.7087093243155739,0.014916666666666667,89.75
0.8280670227534844,0.7087629902741418,0.014958333333333332,90.0
0.8303736161316279,0.7086952133430481,0.015,90.25
0.8326802095097713,0.708506005135521,0.015041666666666667,90.5
0.8349868028879147,0.7081953980714126,0.015083333333333332,90.75
0.837293396266058,0.7077634453716448,0.015125,91.0
0.8395999896442015,0.7072102210490886,0.015166666666666667,91.25
0.8419065830223449,0.706535819895884,0.015208333333333332,91.5
0.8442131764004883,0.7057403574671964,0.01525,91.75
0.8465197697786317,0.7048239700614182,0.015291666666666667,92.0
0.8488263631567752,0.7037868146968136,0.015333333333333332,92.25
0.8511329565349185,0.7026290690846152,0.015375,92.5
0.8534395499130619,0.7013509315985732,0.015416666666666665,92.75
0.8557461432912054,0.6999526212409666,0.015458333333333333,93.0
0.8580527366693488,0.698434377605076,0.0155,93.25
0.8603593300474922,0.696796460834133,0.015541666666666665,93.5
0.8626659234256356,0.695039151576744,0.015583333333333333,93.75
0.864972516803779,0.6931627509388036,0.015625,94.0
0.8672791101819224,0.6911675804319015,0.015666666666666666,94.25
0.8695857035600658,0.6890539819182329,0.01570833333333333,94.5
0.8718922969382092,0.6868223175520219,0.01575,94.75
0.8741988903163527,0.6844729697174695,0.015791666666666666,95.0
0.8765054836944961,0.6820063409632324,0.01583333333333333,95.25
0.8788120770726394,0.6794228539334498,0.015875,95.5
0.8811186704507828,0.6767229512953238,0.015916666666666666,95.75
0.8834252638289263,0.6739070956632728,0.01595833333333333,96.0
0.8857318572070697,0.6709757695196628,0.016,96.25
0.8880384505852131,0.6679294751321384,0.016041666666666666,96.5
0.8903450439633566,0.6647687344675605,0.01608333333333333,96.75
0.8926516373415,0.6614940891025705,0.016125,97.0
0.8949582307196433,0.6581061001307935,0.016166666666666666,97.25
0.8972648240977867,0.6546053480666987,0.01620833333333333,97.5
0.8995714174759302,0.6509924327461302,0.01625,97.75
0.9018780108540736,0.6472679732235286,0.016291666666666666,98.0
0.904184604232217,0.6434326076658599,0.01633333333333333,98.25
0.9064911976103605,0.639486993243268,0.016375,98.5
0.9087977909885038,0.6354318060164715,0.016416666666666666,98.75
0.9111043843666472,0.6312677408209262,0.016458333333333332,99.0
0.9134109777447906,0.6269955111477664,0.0165,99.25
0.9157175711229341,0.6226158490215532,0.016541666666666666,99.5
0.9180241645010775,0.6181295048748453,0.016583333333333332,99.75
0.9203307578792209,0.6135372474196165,0.016625,100.0
0.9226373512573642,0.6088398635155405,0.016666666666666666,100.25
0.9249439446355077,0.6040381580351676,0.016708333333333332,100.5
0.9272505380136511,0.5991329537260122,0.01675,100.75
0.9295571313917945,0.5941250910695807,0.016791666666666667,101.0
0.931863724769938,0.5890154281373585,0.016833333333333332,101.25
0.9341703181480814,0.5838048404437851,0.016875,101.5
0.9364769115262247,0.578494220796237,0.016916666666666667,101.75
0.9387835049043681,0.5730844791420517,0.016958333333333332,102.0
0.9410900982825116,0.5675765424126128,0.016999999999999998,102.25
0.943396691660655,0.5619713543645231,0.017041666666666667,102.5
0.9457032850387984,0.5562698754178996,0.017083333333333332,102.75
0.9480098784169418,0.5504730824918083,0.017124999999999998,103.0
0.9503164717950852,0.5445819688368754,0.017166666666666667,103.25
0.9526230651732286,0.5385975438650978,0.017208333333333332,103.5
0.954929658551372,0.5325208329768867,0.017249999999999998,103.75
0.9572362519295154,0.5263528773853697,0.017291666666666667,104.0
0.9595428453076589,0.5200947339379848,0.017333333333333333,104.25
0.9618494386858023,0.5137474749353946,0.017374999999999998,104.5
0.9641560320639456,0.5073121879477533,0.017416666666666667,104.75
0.966462625442089,0.5007899756283575,0.017458333333333333,105.0
0.9687692188202325,0.4941819555247117,0.017499999999999998,105.25
0.9710758121983759,0.48748925988704256,0.017541666666666667,105.5
0.9733824055765193,0.48071303547429306,0.017583333333333333,105.75
0.9756889989546628,0.4738544433576326,0.017625,106.0
0.9779955923328061,0.4669146587215121,0.017666666666666667,106.25
0.9803021857109495,0.4598948706623031,0.017708333333333333,106.5
0.9826087790890929,0.45279628198455113,0.01775,106.75
0.9849153724672364,0.4456201089948828,0.017791666666666667,107.0
0.9872219658453798,0.4383675812935969,0.017833333333333333,107.25
0.9895285592235232,0.4310399415639788,0.017875,107.5
0.9918351526016665,0.4236384453593733,0.017916666666666668,107.75
0.99414174597981,0.41616436088805214,0.017958333333333333,108.0
0.9964483393579534,0.4086189687959128,0.018,108.25
0.9987549327360968,0.40100356194704656,0.018041666666666668,108.5
1.0010615261142402,0.3933194452022127,0.018083333333333333,108.75
1.0033681194923836,0.38556793519525734,0.018125,109.0
1.005674712870527,0.37775036010751567,0.018166666666666668,109.25
1.0079813062486704,0.36986805944023354,0.018208333333333333,109.5
1.0102878996268139,0.36192238378505226,0.01825,109.75
1.0125944930049573,0.35391469459259095,0.018291666666666664,110.0
1.0149010863831007,0.3458463639391691,0.018333333333333333,110.25
1.0172076797612442,0.33771877429170816,0.018375,110.5
1.0195142731393876,0.32953331827085336,0.018416666666666665,110.75
1.021820866517531,0.3212913984123551,0.018458333333333334,111.0
1.0241274598956744,0.3129944269267514,0.0185,111.25
1.0264340532738176,0.3046438254573935,0.018541666666666665,111.5
1.028740646651961,0.2962410248368543,0.018583333333333334,111.75
1.0310472400301045,0.2877874648417621,0.018625,112.0
1.033353833408248,0.2792845939461032,0.018666666666666665,112.25
1.0356604267863914,0.270733869073033,0.018708333333333334,112.5
1.0379670201645348,0.2621367553452385,0.01875,112.75
1.0402736135426782,0.25349472583389937,0.018791666666666665,113.0
1.0425802069208217,0.24480926130628303,0.018833333333333334,113.25
1.044886800298965,0.23608184997202347,0.018875,113.5
1.0471933936771085,0.2273139872281238,0.018916666666666665,113.75
1.049499987055252,0.21850717540272832,0.018958333333333334,114.0
1.0518065804333954,0.2096629234977054,0.019,114.25
1.0541131738115388,0.20078274693008896,0.019041666666666665,114.5
1.056419767189682,0.19186816727241846,0.019083333333333334,114.75
1.0587263605678254,0.18292071199202578,0.019125,115.0
1.0610329539459689,0.1739419141893117,0.019166666666666665,115.25
1.0633395473241123,0.16493331233505665,0.019208333333333334,115.5
1.0656461407022557,0.15589645000681196,0.01925,115.75
1.0679527340803991,0.14683287562441602,0.019291666666666665,116.0
1.0702593274585426,0.1377441421846793,0.019333333333333334,116.25
1.072565920836686,0.12863180699528806,0.019375,116.5
1.0748725142148294,0.11949743140796652,0.019416666666666665,116.75
1.0771791075929729,0.11034258055094771,0.01945833333333333,117.0
1.0794857009711163,0.1011688230607966,0.0195,117.25
1.0817922943492597,0.09197773081363256,0.019541666666666666,117.5
1.084098887727403,0.08277087865579635,0.01958333333333333,117.75
1.0864054811055464,0.07354984413400792,0.019625,118.0
1.0887120744836898,0.06431620722506289,0.019666666666666666,118.25
1.0910186678618332,0.055071550065110525,0.01970833333333333,118.5
1.0933252612399766,0.045817456678563795,0.01975,118.75
1.09563185461812,0.03655551270668395,0.019791666666666666,119.0
1.0979384479962635,0.027287305135890075,0.01983333333333333,119.25
1.100245041374407,0.018014422025836613,0.019875,119.5
1.1025516347525504,0.008738452237307629,0.019916666666666666,119.75
1.1048582281306938,-0.0005390148400266526,0.01995833333333333,120.0
1.1071648215088372,-0.009816389559942825,0.02,120.25
1.1094714148869806,-0.01909208229204289,0.020041666666666666,120.5
1.1117780082651239,-0.02836450369412861,0.02008333333333333,120.75
1.1140846016432673,-0.03763206498452713,0.020125,121.0
1.1163911950214107,-0.04689317821432092,0.020166666666666666,121.25
1.1186977883995541,-0.056146256539434426,0.02020833333333333,121.5
1.1210043817776976,-0.06538971449253156,0.02025,121.75
1.123310975155841,-0.07462196825467785,0.020291666666666666,122.0
1.1256175685339844,-0.08384143592671837,0.02033333333333333,122.25
1.1279241619121279,-0.09304653780032979,0.020375,122.5
1.1302307552902713,-0.102235696628694,0.020416666666666666,122.75
1.1325373486684147,-0.11140733789675178,0.020458333333333332,123.0
1.1348439420465581,-0.12055989009098743,0.0205,123.25
1.1371505354247016,-0.12969178496869996,0.020541666666666666,123.5
1.1394571288028448,-0.13880145782671324,0.020583333333333332,123.75
1.1417637221809882,-0.14788734776947984,0.020625,124.0
1.1440703155591316,-0.15694789797653227,0.020666666666666667,124.25
1.146376908937275,-0.1659815559692364,0.020708333333333332,124.5
1.1486835023154185,-0.1749867738768005,0.020749999999999998,124.75
1.150990095693562,-0.18396200870149534,0.020791666666666667,125.0
1.1532966890717053,-0.1929057225830381,0.020833333333333332,125.25
1.1556032824498488,-0.20181638306209762,0.020874999999999998,125.5
1.1579098758279922,-0.21069246334287306,0.020916666666666667,125.75
1.1602164692061356,-0.2195324425547025,0.020958333333333332,126.0
1.162523062584279,-0.22833480601265624,0.020999999999999998,126.25
1.1648296559624225,-0.23709804547707056,0.021041666666666667,126.5
1.1671362493405657,-0.24582065941197628,0.021083333333333332,126.75
1.1694428427187091,-0.25450115324238015,0.021124999999999998,127.0
1.1717494360968526,-0.2631380396103514,0.021166666666666667,127.25
1.174056029474996,-0.27172983862987377,0.021208333333333333,127.5
1.1763626228531394,-0.28027507814041586,0.021249999999999998,127.75
1.1786692162312828,-0.2887722939591788,0.021291666666666667,128.0
1.1809758096094263,-0.2972200301319754,0.021333333333333333,128.25
1.1832824029875697,-0.305616839182702,0.021374999999999998,128.5
1.1855889963657131,-0.3139612823613543,0.021416666666666667,128.75
1.1878955897438566,-0.3222519298905512,0.021458333333333333,129.0
1.190202183122,-0.33048736121051875,0.0215,129.25
1.1925087765001434,-0.3386661652224965,0.021541666666666667,129.5
1.1948153698782868,-0.34678694053052156,0.021583333333333333,129.75
1.19712196325643,-0.3548482956815507,0.021625,130.0
1.1994285566345735,-0.3628488494038788,0.021666666666666667,130.25
1.201735150012717,-0.3707872308438126,0.021708333333333333,130.5
1.2040417433908603,-0.37866207980055927,0.02175,130.75
1.2063483367690038,-0.3864720469592897,0.021791666666666668,131.0
1.2086549301471472,-0.3942157941223372,0.021833333333333333,131.25
1.2109615235252906,-0.4018919944384903,0.021875,131.5
1.213268116903434,-0.409499332630342,0.021916666666666668,131.75
1.2155747102815775,-0.41703650521965585,0.021958333333333333,132.0
1.217881303659721,-0.4245022207507101,0.022,132.25
1.2201878970378643,-0.4318952000115821,0.022041666666666664,132.5
1.2224944904160078,-0.4392141762533346,0.022083333333333333,132.75
1.224801083794151,-0.44645789540706704,0.022125,133.0
1.2271076771722944,-0.45362511629879276,0.022166666666666664,133.25
1.2294142705504378,-0.46071461086210946,0.022208333333333333,133.5
1.2317208639285813,-0.46772516434862005,0.02225,133.75
1.2340274573067247,-0.4746555755360753,0.022291666666666664,134.0
1.2363340506848681,-0.48150465693419603,0.022333333333333334,134.25
1.2386406440630116,-0.48827123498814373,0.022375,134.5
1.240947237441155,-0.4949541502796034,0.022416666666666665,134.75
1.2432538308192984,-0.5015522577254437,0.022458333333333334,135.0
1.2455604241974418,-0.5080644267739207,0.0225,135.25
1.2478670175755853,-0.5144895415983929,0.022541666666666665,135.5
1.2501736109537287,-0.5208265012885115,0.022583333333333334,135.75
1.252480204331872,-0.5270742200388566,0.022625,136.0
1.2547867977100153,-0.5332316273349834,0.022666666666666665,136.25
1.2570933910881588,-0.5392976681368503,0.022708333333333334,136.5
1.2593999844663022,-0.545271303059594,0.02275,136.75
1.2617065778444456,-0.5511515085516228,0.022791666666666665,137.0
1.264013171222589,-0.5569372770699969,0.022833333333333334,137.25
1.2663197646007325,-0.5626276172530661,0.022875,137.5
1.268626357978876,-0.5682215540903337,0.022916666666666665,137.75
1.2709329513570193,-0.5737181290895207,0.022958333333333334,138.0
1.2732395447351628,-0.579116400440797,0.023,138.25
1.2755461381133062,-0.5844154431781573,0.023041666666666665,138.5
1.2778527314914496,-0.5896143493379078,0.023083333333333334,138.75
1.2801593248695928,-0.5947122281142423,0.023125,139.0
1.2824659182477363,-0.5997082060118761,0.023166666666666665,139.25
1.2847725116258797,-0.6046014269957166,0.023208333333333334,139.5
1.2870791050040231,-0.6093910526375377,0.02325,139.75
1.2893856983821665,-0.614076262259643,0.023291666666666665,140.0
1.29169229176031,-0.6186562530754833,0.02333333333333333,140.25
1.2939988851384534,-0.6231302403272105,0.023375,140.5
1.2963054785165968,-0.6274974574201407,0.023416666666666665,140.75
1.2986120718947403,-0.6317571560541076,0.02345833333333333,141.0
1.3009186652728837,-0.6359086063516796,0.0235,141.25
1.3032252586510271,-0.6399510969832195,0.023541666666666666,141.5
1.3055318520291705,-0.6438839352887686,0.02358333333333333,141.75
1.3078384454073138,-0.6477064473967293,0.023625,142.0
1.3101450387854572,-0.6514179783393311,0.023666666666666666,142.25
1.3124516321636006,-0.655017892164853,0.02370833333333333,142.5
1.314758225541744,-0.6585055720465937,0.02375,142.75
1.3170648189198875,-0.66188042038856,0.023791666666666666,143.0
1.319371412298031,-0.6651418589278627,0.02383333333333333,143.25
1.3216780056761743,-0.668289328833798,0.023875,143.5
1.3239845990543178,-0.6713222908036,0.023916666666666666,143.75
1.3262911924324612,-0.6742402251548496,0.02395833333333333,144.0
1.3285977858106046,-0.677042631914517,0.024,144.25
1.330904379188748,-0.679729030904631,0.024041666666666666,144.5
1.3332109725668915,-0.6822989618245539,0.02408333333333333,144.75
1.335517565945035,-0.684751984329853,0.024125,145.0
1.337824159323178,-0.6870876781077498,0.024166666666666666,145.25
1.3401307527013215,-0.6893056429491402,0.02420833333333333,145.5
1.342437346079465,-0.6914054988171663,0.02425,145.75
1.3447439394576084,-0.6933868859123352,0.024291666666666666,146.0
1.3470505328357518,-0.6952494647341684,0.024333333333333332,146.25
1.3493571262138953,-0.6969929161393735,0.024375,146.5
1.3516637195920387,-0.6986169413965274,0.024416666666666666,146.75
1.353970312970182,-0.700121262237263,0.024458333333333332,147.0
1.3562769063483255,-0.7015056209039483,0.024499999999999997,147.25
1.358583499726469,-0.7027697801938525,0.024541666666666666,147.5
1.3608900931046124,-0.7039135234997892,0.024583333333333332,147.75
1.3631966864827558,-0.7049366548472309,0.024624999999999998,148.0
1.365503279860899,-0.7058389989278885,0.024666666666666667,148.25
1.3678098732390425,-0.7066204011297488,0.024708333333333332,148.5
1.370116466617186,-0.7072807275635671,0.024749999999999998,148.75
1.3724230599953293,-0.7078198650858086,0.024791666666666667,149.0
1.3747296533734727,-0.7082377213180342,0.024833333333333332,149.25
1.3770362467516162,-0.70853422466273,0.024874999999999998,149.5
1.3793428401297596,-0.7087093243155739,0.024916666666666667,149.75
1.381649433507903,-0.7087629902741418,0.024958333333333332,150.0
1.3839560268860465,-0.7086952133430482,0.024999999999999998,150.25
1.38626262026419,-0.708506005135521,0.025041666666666667,150.5
1.3885692136423333,-0.7081953980714127,0.025083333333333332,150.75
1.3908758070204768,-0.7077634453716448,0.025124999999999998,151.0
1.39318240039862,-0.7072102210490887,0.025166666666666667,151.25
1.3954889937767634,-0.706535819895884,0.025208333333333333,151.5
1.3977955871549068,-0.7057403574671964,0.025249999999999998,151.75
1.4001021805330502,-0.7048239700614182,0.025291666666666667,152.0
1.4024087739111937,-0.7037868146968136,0.025333333333333333,152.25
1.404715367289337,-0.702629069084615,0.025374999999999998,152.5
1.4070219606674805,-0.7013509315985731,0.025416666666666667,152.75
1.409328554045624,-0.6999526212409664,0.025458333333333333,153.0
1.4116351474237674,-0.698434377605076,0.0255,153.25
1.4139417408019108,-0.696796460834133,0.025541666666666667,153.5
1.4162483341800542,-0.6950391515767439,0.025583333333333333,153.75
1.4185549275581977,-0.6931627509388035,0.025625,154.0
1.4208615209363409,-0.6911675804319013,0.025666666666666667,154.25
1.4231681143144843,-0.6890539819182326,0.025708333333333333,154.5
1.4254747076926277,-0.6868223175520217,0.02575,154.75
1.4277813010707712,-0.6844729697174694,0.025791666666666664,155.0
1.4300878944489146,-0.6820063409632323,0.025833333333333333,155.25
1.432394487827058,-0.6794228539334496,0.025875,155.5
1.4347010812052015,-0.6767229512953236,0.025916666666666664,155.75
1.4370076745833449,-0.6739070956632724,0.025958333333333333,156.0
1.4393142679614883,-0.6709757695196626,0.026,156.25
1.4416208613396317,-0.6679294751321384,0.026041666666666664,156.5
1.4439274547177752,-0.6647687344675605,0.026083333333333333,156.75
1.4462340480959186,-0.6614940891025703,0.026125,157.0
1.4485406414740618,-0.6581061001307935,0.026166666666666664,157.25
1.4508472348522052,-0.6546053480666986,0.026208333333333333,157.5
1.4531538282303487,-0.6509924327461302,0.02625,157.75
1.455460421608492,-0.6472679732235286,0.026291666666666665,158.0
1.4577670149866355,-0.6434326076658601,0.026333333333333334,158.25
1.460073608364779,-0.639486993243268,0.026375,158.5
1.4623802017429224,-0.6354318060164715,0.026416666666666665,158.75
1.4646867951210658,-0.6312677408209264,0.026458333333333334,159.0
1.4669933884992092,-0.6269955111477665,0.0265,159.25
1.4692999818773527,-0.6226158490215533,0.026541666666666665,159.5
1.471606575255496,-0.6181295048748454,0.026583333333333334,159.75
1.4739131686336395,-0.6135372474196165,0.026625,160.0
1.476219762011783,-0.6088398635155405,0.026666666666666665,160.25
1.4785263553899262,-0.6040381580351677,0.026708333333333334,160.5
1.4808329487680696,-0.599132953726012,0.02675,160.75
1.483139542146213,-0.5941250910695807,0.026791666666666665,161.0
1.4854461355243564,-0.5890154281373586,0.026833333333333334,161.25
1.4877527289024999,-0.5838048404437851,0.026875,161.5
1.4900593222806433,-0.578494220796237,0.026916666666666665,161.75
1.4923659156587867,-0.5730844791420519,0.026958333333333334,162.0
1.4946725090369302,-0.5675765424126127,0.027,162.25
1.4969791024150736,-0.5619713543645232,0.027041666666666665,162.5
1.499285695793217,-0.5562698754178996,0.02708333333333333,162.75
1.5015922891713605,-0.5504730824918083,0.027125,163.0
1.5038988825495039,-0.5445819688368753,0.027166666666666665,163.25
1.506205475927647,-0.5385975438650977,0.02720833333333333,163.5
1.5085120693057905,-0.5325208329768866,0.02725,163.75
1.510818662683934,-0.5263528773853697,0.027291666666666665,164.0
1.5131252560620774,-0.5200947339379848,0.02733333333333333,164.25
1.5154318494402208,-0.5137474749353946,0.027375,164.5
1.5177384428183642,-0.5073121879477533,0.027416666666666666,164.75
1.5200450361965077,-0.5007899756283577,0.02745833333333333,165.0
1.522351629574651,-0.4941819555247118,0.0275,165.25
1.5246582229527945,-0.48748925988704256,0.027541666666666666,165.5
1.526964816330938,-0.48071303547429317,0.02758333333333333,165.75
1.5292714097090814,-0.47385444335763266,0.027625,166.0
1.5315780030872248,-0.46691465872151233,0.027666666666666666,166.25
1.533884596465368,-0.4598948706623031,0.02770833333333333,166.5
1.5361911898435114,-0.4527962819845513,0.02775,166.75
1.5384977832216549,-0.44562010899488297,0.027791666666666666,167.0
1.5408043765997983,-0.43836758129359704,0.02783333333333333,167.25
1.5431109699779417,-0.43103994156397885,0.027875,167.5
1.5454175633560852,-0.42363844535937345,0.027916666666666666,167.75
1.5477241567342286,-0.4161643608880523,0.02795833333333333,168.0
1.550030750112372,-0.408618968795913,0.028,168.25
1.5523373434905154,-0.4010035619470467,0.028041666666666666,168.5
1.5546439368686589,-0.3933194452022126,0.02808333333333333,168.75
1.5569505302468023,-0.3855679351952574,0.028125,169.0
1.5592571236249457,-0.3777503601075155,0.028166666666666666,169.25
1.561563717003089,-0.3698680594402335,0.028208333333333332,169.5
1.5638703103812324,-0.3619223837850522,0.028249999999999997,169.75
1.5661769037593758,-0.35391469459259095,0.028291666666666666,170.0
1.5684834971375192,-0.34584636393916895,0.028333333333333332,170.25
1.5707900905156627,-0.33771877429170816,0.028374999999999997,170.5
1.573096683893806,-0.32953331827085347,0.028416666666666666,170.75
1.5754032772719495,-0.3212913984123551,0.028458333333333332,171.0
1.577709870650093,-0.3129944269267514,0.028499999999999998,171.25
1.5800164640282364,-0.3046438254573935,0.028541666666666667,171.5
1.5823230574063798,-0.29624102483685427,0.028583333333333332,171.75
1.5846296507845232,-0.28778746484176215,0.028624999999999998,172.0
1.5869362441626667,-0.2792845939461033,0.028666666666666667,172.25
1.5892428375408099,-0.27073386907303276,0.028708333333333332,172.5
1.5915494309189533,-0.26213675534523856,0.028749999999999998,172.75
1.5938560242970967,-0.2534947258338995,0.028791666666666667,173.0
1.5961626176752401,-0.24480926130628303,0.028833333333333332,173.25
1.5984692110533836,-0.23608184997202353,0.028874999999999998,173.5
1.600775804431527,-0.2273139872281238,0.028916666666666667,173.75
1.6030823978096704,-0.21850717540272824,0.028958333333333332,174.0
1.6053889911878139,-0.20966292349770543,0.028999999999999998,174.25
1.6076955845659573,-0.20078274693008896,0.029041666666666667,174.5
1.6100021779441007,-0.19186816727241843,0.029083333333333333,174.75
1.6123087713222441,-0.1829207119920258,0.029124999999999998,175.0
1.6146153647003876,-0.1739419141893117,0.029166666666666667,175.25
1.6169219580785308,-0.1649333123350568,0.029208333333333333,175.5
1.6192285514566742,-0.15589645000681213,0.029249999999999998,175.75
1.6215351448348176,-0.14683287562441596,0.029291666666666667,176.0
1.623841738212961,-0.13774414218467934,0.029333333333333333,176.25
1.6261483315911045,-0.12863180699528806,0.029375,176.5
1.628454924969248,-0.11949743140796651,0.029416666666666667,176.75
1.6307615183473914,-0.11034258055094767,0.029458333333333333,177.0
1.6330681117255348,-0.10116882306079657,0.0295,177.25
1.6353747051036782,-0.09197773081363254,0.029541666666666664,177.5
1.6376812984818216,-0.08277087865579626,0.029583333333333333,177.75
1.639987891859965,-0.07354984413400789,0.029625,178.0
1.6422944852381085,-0.06431620722506287,0.029666666666666664,178.25
1.644601078616252,-0.05507155006511057,0.029708333333333333,178.5
1.6469076719943951,-0.04581745667856368,0.02975,178.75
1.6492142653725386,-0.036555512706683876,0.029791666666666664,179.0
1.651520858750682,-0.027287305135890113,0.029833333333333333,179.25
1.6538274521288254,-0.01801442202583665,0.029875,179.5
1.6561340455069689,-0.00873845223730759,0.029916666666666664,179.75
1.6584406388851123,0.0005390148400266131,0.029958333333333333,180.0
1.6607472322632557,0.009816389559942944,0.03,180.25
1.6630538256413991,0.01909208229204297,0.030041666666666664,180.5
1.6653604190195426,0.02836450369412853,0.030083333333333333,180.75
1.667667012397686,0.03763206498452713,0.030125,181.0
1.6699736057758294,0.04689317821432084,0.030166666666666665,181.25
1.6722801991539729,0.05614625653943439,0.030208333333333334,181.5
1.674586792532116,0.06538971449253164,0.03025,181.75
1.6768933859102595,0.0746219682546778,0.030291666666666665,182.0
1.679199979288403,0.08384143592671846,0.030333333333333334,182.25
1.6815065726665464,0.09304653780032979,0.030375,182.5
1.6838131660446898,0.10223569662869407,0.030416666666666665,182.75
1.6861197594228332,0.11140733789675174,0.030458333333333334,183.0
1.6884263528009766,0.12055989009098743,0.0305,183.25
1.69073294617912,0.12969178496870007,0.030541666666666665,183.5
1.6930395395572635,0.13880145782671324,0.030583333333333334,183.75
1.695346132935407,0.14788734776947993,0.030625,184.0
1.6976527263135504,0.15694789797653239,0.030666666666666665,184.25
1.6999593196916938,0.1659815559692364,0.030708333333333334,184.5
1.702265913069837,0.17498677387680053,0.03075,184.75
1.7045725064479804,0.18396200870149532,0.030791666666666665,185.0
1.7068790998261238,0.1929057225830381,0.03083333333333333,185.25
1.7091856932042673,0.20181638306209765,0.030875,185.5
1.7114922865824107,0.21069246334287314,0.030916666666666665,185.75
1.7137988799605541,0.21953244255470242,0.03095833333333333,186.0
1.7161054733386976,0.22833480601265618,0.031,186.25
1.718412066716841,0.23709804547707047,0.031041666666666665,186.5
1.7207186600949844,0.24582065941197628,0.03108333333333333,186.75
1.7230252534731278,0.2545011532423801,0.031125,187.0
1.7253318468512713,0.2631380396103513,0.031166666666666665,187.25
1.7276384402294147,0.27172983862987377,0.03120833333333333,187.5
1.729945033607558,0.2802750781404159,0.03125,187.75
1.7322516269857013,0.2887722939591787,0.03129166666666667,188.0
1.7345582203638448,0.29722003013197545,0.03133333333333333,188.25
1.7368648137419882,0.305616839182702,0.031375,188.5
1.7391714071201316,0.3139612823613543,0.03141666666666666,188.75
1.741478000498275,0.3222519298905512,0.03145833333333333,189.0
1.7437845938764185,0.33048736121051875,0.0315,189.25
1.746091187254562,0.3386661652224965,0.03154166666666666,189.5
1.7483977806327053,0.3467869405305215,0.03158333333333333,189.75
1.7507043740108488,0.3548482956815508,0.031625,190.0
1.7530109673889922,0.36284884940387896,0.03166666666666666,190.25
1.7553175607671356,0.37078723084381277,0.03170833333333333,190.5
1.7576241541452788,0.37866207980055927,0.03175,190.75
1.7599307475234223,0.38647204695928966,0.03179166666666666,191.0
1.7622373409015657,0.3942157941223372,0.03183333333333333,191.25
1.7645439342797091,0.40189199443849044,0.031875,191.5
1.7668505276578526,0.409499332630342,0.03191666666666666,191.75
1.769157121035996,0.417036505219656,0.03195833333333333,192.0
1.7714637144141394,0.4245022207507101,0.032,192.25
1.7737703077922828,0.4318952000115821,0.03204166666666666,192.5
1.7760769011704263,0.4392141762533347,0.03208333333333333,192.75
1.7783834945485697,0.446457895407067,0.032125,193.0
1.7806900879267131,0.45362511629879276,0.03216666666666666,193.25
1.7829966813048566,0.4607146108621094,0.03220833333333333,193.5
1.785303274683,0.4677251643486199,0.03225,193.75
1.7876098680611432,0.4746555755360753,0.03229166666666666,194.0
1.7899164614392866,0.4815046569341959,0.03233333333333333,194.25
1.79222305481743,0.4882712349881437,0.032375,194.5
1.7945296481955735,0.4949541502796033,0.03241666666666666,194.75
1.796836241573717,0.5015522577254435,0.03245833333333333,195.0
1.7991428349518603,0.5080644267739206,0.0325,195.25
1.8014494283300038,0.5144895415983928,0.03254166666666666,195.5
1.8037560217081472,0.5208265012885115,0.03258333333333333,195.75
1.8060626150862906,0.5270742200388564,0.032625,196.0
1.808369208464434,0.5332316273349833,0.03266666666666666,196.25
1.8106758018425775,0.5392976681368503,0.03270833333333333,196.5
1.812982395220721,0.5452713030595938,0.03275,196.75
1.8152889885988641,0.5511515085516226,0.03279166666666666,197.0
1.8175955819770075,0.5569372770699969,0.03283333333333333,197.25
1.819902175355151,0.5626276172530659,0.032875,197.5
1.8222087687332944,0.5682215540903337,0.032916666666666664,197.75
1.8245153621114378,0.5737181290895207,0.03295833333333333,198.0
1.8268219554895813,0.579116400440797,0.033,198.25
1.8291285488677247,0.5844154431781573,0.033041666666666664,198.5
1.8314351422458681,0.5896143493379078,0.03308333333333333,198.75
1.8337417356240115,0.5947122281142423,0.033125,199.0
1.836048329002155,0.5997082060118764,0.033166666666666664,199.25
1.8383549223802984,0.6046014269957166,0.03320833333333333,199.5
1.8406615157584418,0.6093910526375376,0.03325,199.75
1.842968109136585,0.6140762622596432,0.033291666666666664,200.0
1.8452747025147285,0.6186562530754833,0.03333333333333333,200.25
1.847581295892872,0.6231302403272105,0.033375,200.5
1.8498878892710153,0.6274974574201405,0.033416666666666664,200.75
1.8521944826491588,0.6317571560541075,0.03345833333333333,201.0
1.8545010760273022,0.6359086063516795,0.0335,201.25
1.8568076694054456,0.6399510969832194,0.033541666666666664,201.5
1.859114262783589,0.6438839352887686,0.03358333333333333,201.75
1.8614208561617325,0.6477064473967294,0.033625,202.0
1.863727449539876,0.6514179783393308,0.033666666666666664,202.25
1.8660340429180193,0.6550178921648527,0.03370833333333333,202.5
1.8683406362961628,0.6585055720465934,0.03375,202.75
1.870647229674306,0.66188042038856,0.033791666666666664,203.0
1.8729538230524494,0.6651418589278627,0.03383333333333333,203.25
1.8752604164305928,0.6682893288337975,0.033875,203.5
1.8775670098087363,0.6713222908036,0.033916666666666664,203.75
1.8798736031868797,0.6742402251548494,0.03395833333333333,204.0
1.8821801965650231,0.677042631914517,0.033999999999999996,204.25
1.8844867899431665,0.6797290309046309,0.034041666666666665,204.5
1.88679338332131,0.6822989618245537,0.034083333333333334,204.75
1.8890999766994534,0.684751984329853,0.034124999999999996,205.0
1.8914065700775968,0.6870876781077498,0.034166666666666665,205.25
1.8937131634557403,0.6893056429491402,0.034208333333333334,205.5
1.8960197568338837,0.6914054988171663,0.034249999999999996,205.75
1.898326350212027,0.6933868859123352,0.034291666666666665,206.0
1.9006329435901703,0.6952494647341684,0.034333333333333334,206.25
1.9029395369683137,0.6969929161393735,0.034374999999999996,206.5
1.9052461303464572,0.6986169413965274,0.034416666666666665,206.75
1.9075527237246006,0.700121262237263,0.034458333333333334,207.0
1.909859317102744,0.7015056209039483,0.034499999999999996,207.25
1.9121659104808875,0.7027697801938525,0.034541666666666665,207.5
1.914472503859031,0.7039135234997893,0.034583333333333334,207.75
1.9167790972371743,0.704936654847231,0.034624999999999996,208.0
1.9190856906153178,0.7058389989278883,0.034666666666666665,208.25
1.9213922839934612,0.7066204011297486,0.034708333333333334,208.5
1.9236988773716046,0.707280727563567,0.034749999999999996,208.75
1.926005470749748,0.7078198650858085,0.034791666666666665,209.0
1.9283120641278912,0.7082377213180342,0.034833333333333334,209.25
1.9306186575060347,0.70853422466273,0.034874999999999996,209.5
1.932925250884178,0.7087093243155738,0.034916666666666665,209.75
1.9352318442623215,0.7087629902741417,0.034958333333333334,210.0
1.937538437640465,0.708695213343048,0.034999999999999996,210.25
1.9398450310186084,0.708506005135521,0.035041666666666665,210.5
1.9421516243967518,0.7081953980714125,0.035083333333333334,210.75
1.9444582177748952,0.7077634453716447,0.035124999999999997,211.0
1.9467648111530387,0.7072102210490885,0.035166666666666666,211.25
1.949071404531182,0.7065358198958839,0.035208333333333335,211.5
1.9513779979093255,0.7057403574671962,0.03525,211.75
1.953684591287469,0.7048239700614181,0.035291666666666666,212.0
1.9559911846656122,0.7037868146968134,0.035333333333333335,212.25
1.9582977780437556,0.702629069084615,0.035375,212.5
1.960604371421899,0.7013509315985732,0.035416666666666666,212.75
1.9629109648000425,0.6999526212409665,0.035458333333333335,213.0
1.9652175581781859,0.698434377605076,0.0355,213.25
1.9675241515563293,0.6967964608341329,0.035541666666666666,213.5
1.9698307449344727,0.6950391515767439,0.035583333333333335,213.75
1.9721373383126162,0.6931627509388033,0.035625,214.0
1.9744439316907596,0.6911675804319014,0.035666666666666666,214.25
1.976750525068903,0.6890539819182326,0.035708333333333335,214.5
1.9790571184470465,0.6868223175520219,0.03575,214.75
1.9813637118251899,0.6844729697174694,0.035791666666666666,215.0
1.983670305203333,0.6820063409632323,0.035833333333333335,215.25
1.9859768985814765,0.6794228539334498,0.035875,215.5
1.98828349195962,0.6767229512953236,0.035916666666666666,215.75
1.9905900853377634,0.6739070956632726,0.035958333333333335,216.0
1.9928966787159068,0.6709757695196628,0.036,216.25
1.9952032720940502,0.6679294751321384,0.036041666666666666,216.5
1.9975098654721937,0.6647687344675605,0.036083333333333335,216.75
1.999816458850337,0.6614940891025703,0.036125,217.0
2.0021230522284803,0.6581061001307935,0.036166666666666666,217.25
2.0044296456066237,0.6546053480666987,0.036208333333333335,217.5
2.006736238984767,0.6509924327461301,0.03625,217.75
2.0090428323629106,0.6472679732235287,0.036291666666666667,218.0
2.011349425741054,0.64343260766586,0.036333333333333336,218.25
2.0136560191191974,0.6394869932432679,0.036375,218.5
2.015962612497341,0.6354318060164715,0.03641666666666667,218.75
2.0182692058754843,0.6312677408209263,0.03645833333333333,219.0
2.0205757992536277,0.6269955111477663,0.0365,219.25
2.022882392631771,0.6226158490215532,0.03654166666666667,219.5
2.0251889860099146,0.6181295048748452,0.03658333333333333,219.75
2.027495579388058,0.6135372474196163,0.036625,220.0
2.0298021727662015,0.6088398635155406,0.03666666666666667,220.25
2.032108766144345,0.6040381580351676,0.03670833333333333,220.5
2.0344153595224883,0.5991329537260122,0.03675,220.75
2.0367219529006317,0.5941250910695807,0.03679166666666667,221.0
2.039028546278775,0.5890154281373585,0.03683333333333333,221.25
2.0413351396569186,0.583804840443785,0.036875,221.5
2.043641733035062,0.5784942207962369,0.03691666666666667,221.75
2.0459483264132055,0.5730844791420517,0.03695833333333333,222.0
2.048254919791349,0.5675765424126127,0.037,222.25
2.0505615131694923,0.5619713543645231,0.03704166666666667,222.5
2.0528681065476353,0.5562698754178995,0.03708333333333333,222.75
2.0551746999257787,0.5504730824918084,0.037125,223.0
2.057481293303922,0.5445819688368754,0.03716666666666667,223.25
2.0597878866820656,0.5385975438650978,0.03720833333333333,223.5
2.062094480060209,0.5325208329768867,0.03725,223.75
2.0644010734383524,0.5263528773853698,0.03729166666666667,224.0
2.066707666816496,0.5200947339379847,0.03733333333333333,224.25
2.0690142601946393,0.5137474749353945,0.037375,224.5
2.0713208535727827,0.5073121879477532,0.03741666666666667,224.75
2.073627446950926,0.5007899756283576,0.03745833333333333,225.0
2.0759340403290696,0.4941819555247117,0.0375,225.25
2.078240633707213,0.48748925988704256,0.03754166666666667,225.5
2.0805472270853564,0.48071303547429306,0.03758333333333333,225.75
2.0828538204635,0.4738544433576326,0.037625,226.0
2.0851604138416433,0.4669146587215121,0.03766666666666667,226.25
2.0874670072197867,0.459894870662303,0.03770833333333333,226.5
2.08977360059793,0.45279628198455113,0.03775,226.75
2.0920801939760736,0.4456201089948829,0.03779166666666667,227.0
2.094386787354217,0.4383675812935969,0.03783333333333333,227.25
2.0966933807323604,0.4310399415639788,0.037875,227.5
2.098999974110504,0.42363844535937323,0.03791666666666667,227.75
2.1013065674886473,0.41616436088805214,0.03795833333333333,228.0
2.1036131608667907,0.40861896879591286,0.038,228.25
2.105919754244934,0.4010035619470467,0.03804166666666667,228.5
2.1082263476230776,0.3933194452022126,0.03808333333333333,228.75
2.1105329410012206,0.38556793519525734,0.038125,229.0
2.112839534379364,0.3777503601075155,0.03816666666666667,229.25
2.1151461277575074,0.3698680594402335,0.03820833333333333,229.5
2.117452721135651,0.3619223837850522,0.03825,229.75
2.1197593145137943,0.3539146945925909,0.03829166666666667,230.0
2.1220659078919377,0.3458463639391691,0.03833333333333333,230.25
2.124372501270081,0.3377187742917082,0.038375,230.5
2.1266790946482246,0.32953331827085336,0.03841666666666667,230.75
2.128985688026368,0.3212913984123551,0.03845833333333333,231.0
2.1312922814045114,0.31299442692675133,0.0385,231.25
2.133598874782655,0.3046438254573935,0.03854166666666667,231.5
2.1359054681607983,0.29624102483685427,0.03858333333333333,231.75
2.1382120615389417,0.28778746484176215,0.038625,232.0
2.140518654917085,0.2792845939461032,0.03866666666666667,232.25
2.1428252482952286,0.27073386907303293,0.03870833333333333,232.5
2.145131841673372,0.2621367553452384,0.03875,232.75
2.1474384350515154,0.25349472583389937,0.03879166666666667,233.0
2.149745028429659,0.2448092613062831,0.03883333333333333,233.25
2.1520516218078023,0.23608184997202347,0.038875,233.5
2.1543582151859457,0.22731398722812385,0.03891666666666666,233.75
2.156664808564089,0.2185071754027282,0.03895833333333333,234.0
2.1589714019422326,0.2096629234977054,0.039,234.25
2.161277995320376,0.20078274693008896,0.03904166666666666,234.5
2.1635845886985194,0.19186816727241843,0.03908333333333333,234.75
2.1658911820766624,0.1829207119920257,0.039125,235.0
2.168197775454806,0.17394191418931157,0.03916666666666666,235.25
2.1705043688329493,0.16493331233505665,0.03920833333333333,235.5
2.1728109622110927,0.15589645000681202,0.03925,235.75
2.175117555589236,0.14683287562441596,0.03929166666666666,236.0
2.1774241489673796,0.13774414218467929,0.03933333333333333,236.25
2.179730742345523,0.12863180699528806,0.039375,236.5
2.1820373357236664,0.11949743140796652,0.03941666666666666,236.75
2.18434392910181,0.11034258055094767,0.03945833333333333,237.0
2.1866505224799533,0.1011688230607966,0.0395,237.25
2.1889571158580967,0.09197773081363252,0.03954166666666666,237.5
2.19126370923624,0.08277087865579627,0.03958333333333333,237.75
2.1935703026143836,0.07354984413400795,0.039625,238.0
2.195876895992527,0.06431620722506293,0.03966666666666666,238.25
2.1981834893706704,0.05507155006511057,0.03970833333333333,238.5
2.200490082748814,0.04581745667856371,0.03975,238.75
2.2027966761269573,0.03655551270668392,0.03979166666666666,239.0
2.2051032695051007,0.027287305135890075,0.03983333333333333,239.25
2.207409862883244,0.018014422025836575,0.039875,239.5
2.2097164562613876,0.00873845223730759,0.03991666666666666,239.75
2.212023049639531,-0.0005390148400266921,0.03995833333333333,240.0
2.2143296430176744,-0.009816389559942905,0.04,240.25
2.216636236395818,-0.019092082292043008,0.04004166666666666,240.5
2.2189428297739613,-0.02836450369412865,0.04008333333333333,240.75
2.2212494231521047,-0.03763206498452717,0.040125,241.0
2.2235560165302477,-0.04689317821432098,0.04016666666666666,241.25
2.225862609908391,-0.05614625653943451,0.04020833333333333,241.5
2.2281692032865346,-0.06538971449253173,0.04025,241.75
2.230475796664678,-0.07462196825467782,0.04029166666666666,242.0
2.2327823900428214,-0.08384143592671847,0.04033333333333333,242.25
2.235088983420965,-0.09304653780032993,0.040375,242.5
2.2373955767991083,-0.102235696628694,0.04041666666666666,242.75
2.2397021701772517,-0.11140733789675178,0.04045833333333333,243.0
2.242008763555395,-0.12055989009098746,0.0405,243.25
2.2443153569335386,-0.1296917849687001,0.04054166666666666,243.5
2.246621950311682,-0.13880145782671335,0.04058333333333333,243.75
2.2489285436898254,-0.1478873477694799,0.040625,244.0
2.251235137067969,-0.15694789797653244,0.04066666666666666,244.25
2.2535417304461123,-0.16598155596923647,0.04070833333333333,244.5
2.2558483238242557,-0.17498677387680062,0.04075,244.75
2.258154917202399,-0.18396200870149532,0.040791666666666664,245.0
2.2604615105805426,-0.1929057225830381,0.04083333333333333,245.25
2.262768103958686,-0.20181638306209765,0.040875,245.5
2.2650746973368294,-0.21069246334287317,0.040916666666666664,245.75
2.267381290714973,-0.2195324425547025,0.04095833333333333,246.0
2.2696878840931163,-0.22833480601265635,0.041,246.25
2.2719944774712597,-0.23709804547707058,0.041041666666666664,246.5
2.274301070849403,-0.2458206594119764,0.04108333333333333,246.75
2.2766076642275466,-0.2545011532423801,0.041125,247.0
2.2789142576056896,-0.2631380396103514,0.041166666666666664,247.25
2.281220850983833,-0.27172983862987377,0.04120833333333333,247.5
2.2835274443619764,-0.2802750781404159,0.04125,247.75
2.28583403774012,-0.2887722939591788,0.041291666666666664,248.0
2.2881406311182633,-0.2972200301319754,0.04133333333333333,248.25
2.2904472244964067,-0.3056168391827021,0.041375,248.5
2.29275381787455,-0.3139612823613544,0.041416666666666664,248.75
2.2950604112526936,-0.3222519298905512,0.04145833333333333,249.0
2.297367004630837,-0.33048736121051875,0.041499999999999995,249.25
2.2996735980089804,-0.33866616522249665,0.041541666666666664,249.5
2.301980191387124,-0.3467869405305216,0.04158333333333333,249.75
2.3042867847652673,-0.35484829568155085,0.041624999999999995,250.0
2.3065933781434107,-0.3628488494038789,0.041666666666666664,250.25
2.308899971521554,-0.37078723084381265,0.04170833333333333,250.5
2.3112065648996976,-0.3786620798005593,0.041749999999999995,250.75
2.313513158277841,-0.3864720469592897,0.041791666666666664,251.0
2.3158197516559844,-0.39421579412233715,0.041833333333333333,251.25
2.318126345034128,-0.40189199443849033,0.041874999999999996,251.5
2.3204329384122713,-0.4094993326303421,0.041916666666666665,251.75
2.3227395317904147,-0.41703650521965585,0.041958333333333334,252.0
2.325046125168558,-0.42450222075071015,0.041999999999999996,252.25
2.3273527185467016,-0.43189520001158227,0.042041666666666665,252.5
2.329659311924845,-0.4392141762533347,0.042083333333333334,252.75
2.3319659053029884,-0.44645789540706704,0.042124999999999996,253.0
2.3342724986811314,-0.4536251162987929,0.042166666666666665,253.25
2.336579092059275,-0.46071461086210946,0.042208333333333334,253.5
2.3388856854374183,-0.46772516434862016,0.042249999999999996,253.75
2.3411922788155617,-0.47465557553607535,0.042291666666666665,254.0
2.343498872193705,-0.4815046569341961,0.042333333333333334,254.25
2.3458054655718485,-0.48827123498814373,0.042374999999999996,254.5
2.348112058949992,-0.4949541502796035,0.042416666666666665,254.75
2.3504186523281354,-0.5015522577254437,0.042458333333333334,255.0
2.352725245706279,-0.5080644267739207,0.042499999999999996,255.25
2.3550318390844223,-0.514489541598393,0.042541666666666665,255.5
2.3573384324625657,-0.5208265012885115,0.042583333333333334,255.75
2.359645025840709,-0.5270742200388567,0.042624999999999996,256.0
2.3619516192188525,-0.5332316273349835,0.042666666666666665,256.25
2.364258212596996,-0.5392976681368504,0.042708333333333334,256.5
2.3665648059751394,-0.545271303059594,0.042749999999999996,256.75
2.368871399353283,-0.5511515085516228,0.042791666666666665,257.0
2.3711779927314263,-0.5569372770699969,0.042833333333333334,257.25
2.3734845861095697,-0.5626276172530662,0.042874999999999996,257.5
2.375791179487713,-0.5682215540903338,0.042916666666666665,257.75
2.3780977728658566,-0.5737181290895207,0.042958333333333334,258.0
2.380404366244,-0.579116400440797,0.043,258.25
2.3827109596221434,-0.5844154431781573,0.043041666666666666,258.5
2.385017553000287,-0.5896143493379078,0.043083333333333335,258.75
2.3873241463784303,-0.5947122281142423,0.043125,259.0
2.3896307397565737,-0.5997082060118762,0.043166666666666666,259.25
2.3919373331347167,-0.6046014269957166,0.043208333333333335,259.5
2.39424392651286,-0.6093910526375377,0.04325,259.75
2.3965505198910035,-0.614076262259643,0.043291666666666666,260.0
2.398857113269147,-0.6186562530754836,0.043333333333333335,260.25
2.4011637066472904,-0.6231302403272105,0.043375,260.5
2.403470300025434,-0.6274974574201406,0.043416666666666666,260.75
2.4057768934035773,-0.6317571560541079,0.043458333333333335,261.0
2.4080834867817207,-0.6359086063516795,0.0435,261.25
2.410390080159864,-0.6399510969832196,0.043541666666666666,261.5
2.4126966735380075,-0.6438839352887686,0.043583333333333335,261.75
2.415003266916151,-0.6477064473967296,0.043625,262.0
2.4173098602942944,-0.6514179783393311,0.043666666666666666,262.25
2.419616453672438,-0.655017892164853,0.043708333333333335,262.5
2.4219230470505813,-0.6585055720465935,0.04375,262.75
2.4242296404287247,-0.6618804203885601,0.043791666666666666,263.0
2.426536233806868,-0.6651418589278627,0.043833333333333335,263.25
2.4288428271850115,-0.6682893288337979,0.043875,263.5
2.431149420563155,-0.6713222908036,0.043916666666666666,263.75
2.4334560139412984,-0.6742402251548496,0.04395833333333333,264.0
2.435762607319442,-0.677042631914517,0.044,264.25
2.4380692006975853,-0.6797290309046309,0.044041666666666666,264.5
2.4403757940757287,-0.6822989618245539,0.04408333333333333,264.75
2.442682387453872,-0.6847519843298528,0.044125,265.0
2.4449889808320155,-0.6870876781077498,0.04416666666666667,265.25
2.4472955742101585,-0.6893056429491401,0.04420833333333333,265.5
2.449602167588302,-0.6914054988171661,0.04425,265.75
2.4519087609664454,-0.6933868859123352,0.04429166666666667,266.0
2.454215354344589,-0.6952494647341684,0.04433333333333333,266.25
2.4565219477227322,-0.6969929161393735,0.044375,266.5
2.4588285411008757,-0.6986169413965274,0.04441666666666667,266.75
2.461135134479019,-0.700121262237263,0.04445833333333333,267.0
2.4634417278571625,-0.7015056209039483,0.0445,267.25
2.465748321235306,-0.7027697801938524,0.04454166666666667,267.5
2.4680549146134494,-0.7039135234997892,0.04458333333333333,267.75
2.470361507991593,-0.7049366548472308,0.044625,268.0
2.4726681013697362,-0.7058389989278884,0.04466666666666667,268.25
2.4749746947478797,-0.7066204011297487,0.04470833333333333,268.5
2.477281288126023,-0.707280727563567,0.04475,268.75
2.4795878815041665,-0.7078198650858085,0.04479166666666667,269.0
2.48189447488231,-0.7082377213180342,0.04483333333333333,269.25
2.4842010682604534,-0.7085342246627299,0.044875,269.5
2.486507661638597,-0.7087093243155737,0.04491666666666667,269.75
2.4888142550167403,-0.7087629902741417,0.04495833333333333,270.0
2.4911208483948837,-0.7086952133430481,0.045,270.25
2.493427441773027,-0.7085060051355209,0.04504166666666667,270.5
2.4957340351511705,-0.7081953980714126,0.04508333333333333,270.75
2.498040628529314,-0.7077634453716447,0.045125,271.0
2.5003472219074574,-0.7072102210490886,0.04516666666666667,271.25
2.5026538152856004,-0.706535819895884,0.04520833333333333,271.5
2.504960408663744,-0.7057403574671963,0.04525,271.75
2.5072670020418872,-0.7048239700614182,0.04529166666666667,272.0
2.5095735954200307,-0.7037868146968134,0.04533333333333333,272.25
2.511880188798174,-0.702629069084615,0.045375,272.5
2.5141867821763175,-0.701350931598573,0.04541666666666667,272.75
2.516493375554461,-0.6999526212409662,0.04545833333333333,273.0
2.5187999689326044,-0.6984343776050759,0.0455,273.25
2.521106562310748,-0.6967964608341328,0.04554166666666667,273.5
2.5234131556888912,-0.6950391515767439,0.04558333333333333,273.75
2.5257197490670347,-0.6931627509388034,0.045625,274.0
2.528026342445178,-0.6911675804319012,0.04566666666666667,274.25
2.5303329358233215,-0.6890539819182325,0.04570833333333333,274.5
2.532639529201465,-0.6868223175520217,0.04575,274.75
2.5349461225796084,-0.6844729697174693,0.04579166666666667,275.0
2.537252715957752,-0.6820063409632323,0.04583333333333333,275.25
2.5395593093358952,-0.6794228539334494,0.045875,275.5
2.5418659027140387,-0.6767229512953236,0.04591666666666667,275.75
2.544172496092182,-0.6739070956632723,0.04595833333333333,276.0
2.5464790894703255,-0.6709757695196625,0.046,276.25
2.548785682848469,-0.6679294751321384,0.04604166666666667,276.5
2.5510922762266124,-0.6647687344675604,0.04608333333333333,276.75
2.553398869604756,-0.6614940891025703,0.046125,277.0
2.5557054629828992,-0.6581061001307934,0.04616666666666667,277.25
2.5580120563610427,-0.6546053480666986,0.04620833333333333,277.5
2.5603186497391857,-0.6509924327461301,0.04625,277.75
2.562625243117329,-0.6472679732235286,0.04629166666666667,278.0
2.5649318364954725,-0.64343260766586,0.04633333333333333,278.25
2.567238429873616,-0.6394869932432679,0.046375,278.5
2.5695450232517594,-0.6354318060164714,0.04641666666666667,278.75
2.571851616629903,-0.6312677408209262,0.04645833333333333,279.0
2.5741582100080462,-0.6269955111477663,0.0465,279.25
2.5764648033861897,-0.6226158490215532,0.04654166666666666,279.5
2.578771396764333,-0.6181295048748453,0.04658333333333333,279.75
2.5810779901424765,-0.6135372474196165,0.046625,280.0
2.58338458352062,-0.6088398635155405,0.04666666666666666,280.25
2.5856911768987634,-0.6040381580351676,0.04670833333333333,280.5
2.587997770276907,-0.5991329537260119,0.04675,280.75
2.5903043636550502,-0.5941250910695806,0.04679166666666666,281.0
2.5926109570331937,-0.5890154281373585,0.04683333333333333,281.25
2.594917550411337,-0.583804840443785,0.046875,281.5
2.5972241437894805,-0.5784942207962368,0.04691666666666666,281.75
2.599530737167624,-0.5730844791420517,0.04695833333333333,282.0
2.6018373305457674,-0.5675765424126126,0.047,282.25
2.604143923923911,-0.5619713543645232,0.04704166666666666,282.5
2.6064505173020542,-0.5562698754178995,0.04708333333333333,282.75
2.6087571106801977,-0.5504730824918083,0.047125,283.0
2.611063704058341,-0.5445819688368752,0.04716666666666666,283.25
2.6133702974364845,-0.5385975438650977,0.04720833333333333,283.5
2.6156768908146275,-0.5325208329768865,0.04725,283.75
2.617983484192771,-0.5263528773853696,0.04729166666666666,284.0
2.6202900775709144,-0.5200947339379847,0.04733333333333333,284.25
2.622596670949058,-0.5137474749353945,0.047375,284.5
2.6249032643272012,-0.5073121879477533,0.04741666666666666,284.75
2.6272098577053447,-0.5007899756283577,0.04745833333333333,285.0
2.629516451083488,-0.4941819555247119,0.0475,285.25
2.6318230444616315,-0.48748925988704245,0.04754166666666666,285.5
2.634129637839775,-0.48071303547429306,0.04758333333333333,285.75
2.6364362312179184,-0.4738544433576326,0.047625,286.0
2.638742824596062,-0.4669146587215123,0.04766666666666666,286.25
2.6410494179742052,-0.459894870662303,0.04770833333333333,286.5
2.6433560113523487,-0.45279628198455113,0.04775,286.75
2.645662604730492,-0.445620108994883,0.04779166666666666,287.0
2.6479691981086355,-0.438367581293597,0.04783333333333333,287.25
2.650275791486779,-0.43103994156397885,0.047875,287.5
2.6525823848649224,-0.4236384453593734,0.04791666666666666,287.75
2.654888978243066,-0.4161643608880523,0.04795833333333333,288.0
2.6571955716212092,-0.408618968795913,0.048,288.25
2.6595021649993527,-0.4010035619470467,0.04804166666666666,288.5
2.661808758377496,-0.3933194452022127,0.04808333333333333,288.75
2.6641153517556395,-0.3855679351952574,0.048125,289.0
2.666421945133783,-0.3777503601075156,0.04816666666666666,289.25
2.6687285385119264,-0.36986805944023354,0.04820833333333333,289.5
2.67103513189007,-0.36192238378505226,0.04825,289.75
2.673341725268213,-0.35391469459259106,0.04829166666666666,290.0
2.675648318646356,-0.3458463639391691,0.04833333333333333,290.25
2.6779549120244996,-0.3377187742917082,0.048375,290.5
2.680261505402643,-0.3295333182708534,0.04841666666666666,290.75
2.6825680987807865,-0.32129139841235504,0.04845833333333333,291.0
2.68487469215893,-0.3129944269267514,0.0485,291.25
2.6871812855370734,-0.30464382545739355,0.048541666666666664,291.5
2.689487878915217,-0.2962410248368542,0.04858333333333333,291.75
2.69179447229336,-0.28778746484176215,0.048625,292.0
2.6941010656715036,-0.2792845939461034,0.048666666666666664,292.25
2.696407659049647,-0.2707338690730329,0.04870833333333333,292.5
2.6987142524277905,-0.2621367553452385,0.04875,292.75
2.701020845805934,-0.25349472583389937,0.048791666666666664,293.0
2.7033274391840774,-0.24480926130628303,0.04883333333333333,293.25
2.705634032562221,-0.23608184997202344,0.048875,293.5
2.707940625940364,-0.22731398722812393,0.048916666666666664,293.75
2.7102472193185076,-0.21850717540272824,0.04895833333333333,294.0
2.712553812696651,-0.2096629234977055,0.048999999999999995,294.25
2.7148604060747945,-0.20078274693008896,0.049041666666666664,294.5
2.717166999452938,-0.19186816727241843,0.04908333333333333,294.75
2.7194735928310814,-0.1829207119920258,0.049124999999999995,295.0
2.721780186209225,-0.17394191418931174,0.049166666666666664,295.25
2.7240867795873682,-0.1649333123350567,0.04920833333333333,295.5
2.7263933729655117,-0.15589645000681215,0.049249999999999995,295.75
2.7286999663436546,-0.14683287562441596,0.049291666666666664,296.0
2.731006559721798,-0.1377441421846793,0.04933333333333333,296.25
2.7333131530999415,-0.12863180699528806,0.049374999999999995,296.5
2.735619746478085,-0.11949743140796652,0.049416666666666664,296.75
2.7379263398562284,-0.11034258055094759,0.04945833333333333,297.0
2.740232933234372,-0.10116882306079657,0.049499999999999995,297.25
2.742539526612515,-0.09197773081363256,0.049541666666666664,297.5
2.7448461199906586,-0.08277087865579627,0.04958333333333333,297.75
2.747152713368802,-0.07354984413400792,0.049624999999999996,298.0
2.7494593067469455,-0.06431620722506289,0.049666666666666665,298.25
2.751765900125089,-0.05507155006511057,0.049708333333333334,298.5
2.7540724935032324,-0.04581745667856368,0.049749999999999996,298.75
2.756379086881376,-0.036555512706683876,0.049791666666666665,299.0
2.758685680259519,-0.027287305135890033,0.049833333333333334,299.25
2.7609922736376626,-0.01801442202583665,0.049874999999999996,299.5
2.763298867015806,-0.00873845223730759,0.049916666666666665,299.75
2.7656054603939495,0.0005390148400266526,0.049958333333333334,300.0
2.767912053772093,0.009816389559942905,0.049999999999999996,300.25
2.7702186471502364,0.01909208229204297,0.050041666666666665,300.5
2.77252524052838,0.028364503694128573,0.050083333333333334,300.75
2.774831833906523,0.03763206498452709,0.050124999999999996,301.0
2.7771384272846666,0.04689317821432092,0.050166666666666665,301.25
2.77944502066281,0.056146256539434426,0.050208333333333334,301.5
2.7817516140409535,0.06538971449253168,0.050249999999999996,301.75
2.7840582074190965,0.07462196825467787,0.050291666666666665,302.0
2.78636480079724,0.08384143592671842,0.050333333333333334,302.25
2.7886713941753833,0.09304653780032991,0.050374999999999996,302.5
2.7909779875535268,0.10223569662869415,0.050416666666666665,302.75
2.79328458093167,0.1114073378967517,0.050458333333333334,303.0
2.7955911743098136,0.12055989009098751,0.050499999999999996,303.25
2.797897767687957,0.1296917849687001,0.050541666666666665,303.5
2.8002043610661005,0.1388014578267133,0.050583333333333334,303.75
2.802510954444244,0.14788734776947993,0.050624999999999996,304.0
2.8048175478223873,0.15694789797653236,0.050666666666666665,304.25
2.8071241412005308,0.16598155596923642,0.050708333333333334,304.5
2.809430734578674,0.17498677387680056,0.050749999999999997,304.75
2.8117373279568176,0.18396200870149532,0.050791666666666666,305.0
2.814043921334961,0.19290572258303812,0.050833333333333335,305.25
2.8163505147131045,0.2018163830620977,0.050875,305.5
2.818657108091248,0.2106924633428731,0.050916666666666666,305.75
2.8209637014693913,0.21953244255470258,0.050958333333333335,306.0
2.823270294847535,0.22833480601265624,0.051,306.25
2.825576888225678,0.2370980454770705,0.051041666666666666,306.5
2.8278834816038216,0.24582065941197628,0.051083333333333335,306.75
2.830190074981965,0.2545011532423802,0.051125,307.0
2.8324966683601085,0.2631380396103514,0.051166666666666666,307.25
2.834803261738252,0.2717298386298738,0.051208333333333335,307.5
2.8371098551163954,0.28027507814041597,0.05125,307.75
2.839416448494539,0.28877229395917875,0.051291666666666666,308.0
2.8417230418726818,0.2972200301319755,0.051333333333333335,308.25
2.844029635250825,0.305616839182702,0.051375,308.5
2.8463362286289686,0.3139612823613544,0.051416666666666666,308.75
2.848642822007112,0.32225192989055124,0.05145833333333333,309.0
2.8509494153852555,0.33048736121051875,0.0515,309.25
2.853256008763399,0.33866616522249665,0.051541666666666666,309.5
2.8555626021415423,0.34678694053052156,0.05158333333333333,309.75
2.8578691955196858,0.35484829568155074,0.051625,310.0
2.860175788897829,0.3628488494038789,0.051666666666666666,310.25
2.8624823822759726,0.37078723084381277,0.05170833333333333,310.5
2.864788975654116,0.3786620798005593,0.05175,310.75
2.8670955690322595,0.38647204695928966,0.051791666666666666,311.0
2.869402162410403,0.3942157941223373,0.05183333333333333,311.25
2.8717087557885463,0.4018919944384905,0.051875,311.5
2.8740153491666898,0.4094993326303421,0.051916666666666667,311.75
2.876321942544833,0.417036505219656,0.05195833333333333,312.0
2.8786285359229766,0.42450222075071026,0.052,312.25
2.88093512930112,0.43189520001158227,0.05204166666666667,312.5
2.8832417226792635,0.43921417625333475,0.05208333333333333,312.75
2.885548316057407,0.44645789540706715,0.052125,313.0
2.8878549094355503,0.4536251162987929,0.05216666666666667,313.25
2.8901615028136938,0.4607146108621096,0.05220833333333333,313.5
2.892468096191837,0.46772516434862016,0.05225,313.75
2.8947746895699806,0.47465557553607535,0.05229166666666667,314.0
2.8970812829481236,0.48150465693419603,0.05233333333333333,314.25
2.899387876326267,0.48827123498814384,0.052375,314.5
2.9016944697044105,0.4949541502796033,0.05241666666666667,314.75
2.904001063082554,0.5015522577254437,0.05245833333333333,315.0
2.9063076564606973,0.5080644267739207,0.0525,315.25
2.9086142498388408,0.5144895415983929,0.05254166666666667,315.5
2.910920843216984,0.5208265012885115,0.05258333333333333,315.75
2.9132274365951276,0.5270742200388566,0.052625,316.0
2.915534029973271,0.5332316273349835,0.05266666666666667,316.25
2.9178406233514145,0.5392976681368504,0.05270833333333333,316.5
2.920147216729558,0.545271303059594,0.05275,316.75
2.9224538101077013,0.5511515085516228,0.05279166666666667,317.0
2.9247604034858448,0.5569372770699969,0.05283333333333333,317.25
2.927066996863988,0.5626276172530661,0.052875,317.5
2.9293735902421316,0.5682215540903339,0.05291666666666667,317.75
2.931680183620275,0.5737181290895207,0.05295833333333333,318.0
2.9339867769984185,0.5791164004407973,0.053,318.25
2.936293370376562,0.5844154431781573,0.05304166666666667,318.5
2.9385999637547053,0.5896143493379079,0.05308333333333333,318.75
2.9409065571328488,0.5947122281142423,0.053125,319.0
2.943213150510992,0.5997082060118765,0.05316666666666667,319.25
2.9455197438891356,0.6046014269957166,0.05320833333333333,319.5
2.947826337267279,0.6093910526375377,0.05325,319.75
2.9501329306454225,0.6140762622596432,0.05329166666666667,320.0
2.952439524023566,0.6186562530754834,0.05333333333333333,320.25
2.954746117401709,0.6231302403272106,0.053375,320.5
2.9570527107798523,0.6274974574201406,0.05341666666666667,320.75
2.9593593041579958,0.6317571560541075,0.05345833333333333,321.0
2.961665897536139,0.6359086063516796,0.0535,321.25
2.9639724909142826,0.6399510969832196,0.05354166666666667,321.5
2.966279084292426,0.6438839352887686,0.05358333333333333,321.75
2.9685856776705695,0.6477064473967296,0.053625,322.0
2.970892271048713,0.6514179783393309,0.05366666666666667,322.25
2.9731988644268563,0.6550178921648528,0.05370833333333333,322.5
2.9755054578049998,0.6585055720465935,0.05375,322.75
2.977812051183143,0.6618804203885601,0.05379166666666667,323.0
2.9801186445612866,0.6651418589278627,0.05383333333333333,323.25
2.98242523793943,0.6682893288337977,0.053875,323.5
2.9847318313175735,0.6713222908036,0.05391666666666667,323.75
2.987038424695717,0.6742402251548495,0.05395833333333333,324.0
2.9893450180738603,0.677042631914517,0.054,324.25
2.9916516114520038,0.679729030904631,0.05404166666666666,324.5
2.993958204830147,0.6822989618245539,0.05408333333333333,324.75
2.9962647982082906,0.684751984329853,0.054125,325.0
2.998571391586434,0.6870876781077498,0.05416666666666666,325.25
3.0008779849645775,0.6893056429491402,0.05420833333333333,325.5
3.003184578342721,0.6914054988171663,0.05425,325.75
3.0054911717208643,0.6933868859123352,0.05429166666666666,326.0
3.0077977650990078,0.6952494647341686,0.05433333333333333,326.25
3.0101043584771507,0.6969929161393735,0.054375,326.5
3.012410951855294,0.6986169413965274,0.05441666666666666,326.75
3.0147175452334376,0.7001212622372631,0.05445833333333333,327.0
3.017024138611581,0.7015056209039484,0.0545,327.25
3.0193307319897245,0.7027697801938527,0.05454166666666666,327.5
3.021637325367868,0.7039135234997893,0.05458333333333333,327.75
3.0239439187460113,0.704936654847231,0.054625,328.0
3.0262505121241547,0.7058389989278885,0.05466666666666666,328.25
3.028557105502298,0.7066204011297488,0.05470833333333333,328.5
3.0308636988804416,0.7072807275635671,0.05475,328.75
3.033170292258585,0.7078198650858087,0.05479166666666666,329.0
3.0354768856367285,0.7082377213180342,0.05483333333333333,329.25
3.037783479014872,0.7085342246627301,0.054875,329.5
3.0400900723930153,0.7087093243155739,0.05491666666666666,329.75
3.0423966657711587,0.7087629902741419,0.05495833333333333,330.0
3.044703259149302,0.7086952133430481,0.055,330.25
3.0470098525274456,0.708506005135521,0.05504166666666666,330.5
3.049316445905589,0.7081953980714126,0.05508333333333333,330.75
3.0516230392837325,0.7077634453716448,0.055125,331.0
3.053929632661876,0.7072102210490886,0.05516666666666666,331.25
3.0562362260400193,0.706535819895884,0.05520833333333333,331.5
3.0585428194181628,0.7057403574671963,0.05525,331.75
3.060849412796306,0.7048239700614181,0.05529166666666666,332.0
3.0631560061744496,0.7037868146968136,0.05533333333333333,332.25
3.0654625995525926,0.702629069084615,0.055375,332.5
3.067769192930736,0.7013509315985732,0.05541666666666666,332.75
3.0700757863088795,0.6999526212409666,0.05545833333333333,333.0
3.072382379687023,0.698434377605076,0.0555,333.25
3.0746889730651663,0.696796460834133,0.05554166666666666,333.5
3.0769955664433097,0.6950391515767441,0.05558333333333333,333.75
3.079302159821453,0.6931627509388035,0.055625,334.0
3.0816087531995966,0.6911675804319014,0.05566666666666666,334.25
3.08391534657774,0.6890539819182327,0.05570833333333333,334.5
3.0862219399558835,0.686822317552022,0.05575,334.75
3.088528533334027,0.6844729697174695,0.05579166666666666,335.0
3.0908351267121703,0.6820063409632324,0.05583333333333333,335.25
3.0931417200903137,0.6794228539334496,0.055875,335.5
3.095448313468457,0.6767229512953238,0.05591666666666666,335.75
3.0977549068466006,0.6739070956632727,0.05595833333333333,336.0
3.100061500224744,0.6709757695196628,0.056,336.25
3.1023680936028875,0.6679294751321384,0.05604166666666666,336.5
3.104674686981031,0.6647687344675605,0.05608333333333333,336.75
3.1069812803591743,0.6614940891025703,0.056125,337.0
3.1092878737373177,0.6581061001307934,0.05616666666666666,337.25
3.111594467115461,0.6546053480666986,0.05620833333333333,337.5
3.1139010604936046,0.65099243274613,0.05625,337.75
3.116207653871748,0.6472679732235286,0.05629166666666666,338.0
3.1185142472498915,0.64343260766586,0.05633333333333333,338.25
3.120820840628035,0.6394869932432679,0.056375,338.5
3.123127434006178,0.6354318060164715,0.056416666666666664,338.75
3.1254340273843213,0.6312677408209262,0.05645833333333333,339.0
3.1277406207624647,0.6269955111477664,0.056499999999999995,339.25
3.130047214140608,0.6226158490215532,0.056541666666666664,339.5
3.1323538075187516,0.6181295048748453,0.05658333333333333,339.75
3.134660400896895,0.6135372474196163,0.056624999999999995,340.0
3.1369669942750384,0.6088398635155405,0.056666666666666664,340.25
3.139273587653182,0.6040381580351677,0.05670833333333333,340.5
3.1415801810313253,0.599132953726012,0.056749999999999995,340.75
3.1438867744094687,0.5941250910695807,0.056791666666666664,341.0
3.146193367787612,0.5890154281373585,0.05683333333333333,341.25
3.1484999611657556,0.583804840443785,0.056874999999999995,341.5
3.150806554543899,0.578494220796237,0.056916666666666664,341.75
3.1531131479220424,0.5730844791420519,0.05695833333333333,342.0
3.155419741300186,0.5675765424126127,0.056999999999999995,342.25
3.1577263346783293,0.561971354364523,0.057041666666666664,342.5
3.1600329280564727,0.5562698754178994,0.05708333333333333,342.75
3.162339521434616,0.5504730824918083,0.057124999999999995,343.0
3.1646461148127596,0.5445819688368754,0.057166666666666664,343.25
3.166952708190903,0.5385975438650978,0.05720833333333333,343.5
3.1692593015690464,0.5325208329768867,0.057249999999999995,343.75
3.17156589494719,0.5263528773853698,0.057291666666666664,344.0
3.1738724883253333,0.5200947339379848,0.05733333333333333,344.25
3.1761790817034767,0.5137474749353945,0.057374999999999995,344.5
3.1784856750816197,0.5073121879477533,0.057416666666666664,344.75
3.180792268459763,0.5007899756283575,0.057458333333333333,345.0
3.1830988618379066,0.4941819555247118,0.057499999999999996,345.25
3.18540545521605,0.48748925988704256,0.057541666666666665,345.5
3.1877120485941934,0.4807130354742931,0.057583333333333334,345.75
3.190018641972337,0.4738544433576326,0.057624999999999996,346.0
3.1923252353504803,0.4669146587215121,0.057666666666666665,346.25
3.1946318287286237,0.459894870662303,0.057708333333333334,346.5
3.196938422106767,0.45279628198455113,0.057749999999999996,346.75
3.1992450154849106,0.4456201089948829,0.057791666666666665,347.0
3.201551608863054,0.438367581293597,0.057833333333333334,347.25
3.2038582022411974,0.4310399415639788,0.057874999999999996,347.5
3.206164795619341,0.4236384453593733,0.057916666666666665,347.75
3.2084713889974843,0.41616436088805214,0.057958333333333334,348.0
3.2107779823756277,0.4086189687959128,0.057999999999999996,348.25
3.213084575753771,0.4010035619470467,0.058041666666666665,348.5
3.2153911691319146,0.3933194452022127,0.058083333333333334,348.75
3.217697762510058,0.3855679351952575,0.058124999999999996,349.0
3.2200043558882014,0.3777503601075156,0.058166666666666665,349.25
3.222310949266345,0.3698680594402335,0.058208333333333334,349.5
3.2246175426444883,0.36192238378505226,0.058249999999999996,349.75
3.2269241360226317,0.35391469459259095,0.058291666666666665,350.0
3.229230729400775,0.3458463639391691,0.058333333333333334,350.25
3.2315373227789186,0.33771877429170816,0.058374999999999996,350.5
3.2338439161570616,0.32953331827085336,0.058416666666666665,350.75
3.236150509535205,0.3212913984123551,0.058458333333333334,351.0
3.2384571029133484,0.3129944269267514,0.058499999999999996,351.25
3.240763696291492,0.30464382545739355,0.058541666666666665,351.5
3.2430702896696353,0.2962410248368544,0.058583333333333334,351.75
3.2453768830477787,0.28778746484176226,0.058625,352.0
3.247683476425922,0.27928459394610333,0.058666666666666666,352.25
3.2499900698040656,0.2707338690730329,0.058708333333333335,352.5
3.252296663182209,0.26213675534523845,0.05875,352.75
3.2546032565603524,0.2534947258338995,0.058791666666666666,353.0
3.256909849938496,0.24480926130628303,0.058833333333333335,353.25
3.2592164433166393,0.23608184997202347,0.058875,353.5
3.2615230366947827,0.22731398722812385,0.058916666666666666,353.75
3.263829630072926,0.21850717540272824,0.058958333333333335,354.0
3.2661362234510696,0.2096629234977055,0.059,354.25
3.268442816829213,0.20078274693008902,0.059041666666666666,354.5
3.2707494102073564,0.19186816727241846,0.05908333333333333,354.75
3.2730560035855,0.18292071199202578,0.059125,355.0
3.2753625969636433,0.17394191418931162,0.059166666666666666,355.25
3.2776691903417867,0.1649333123350567,0.05920833333333333,355.5
3.27997578371993,0.15589645000681202,0.05925,355.75
3.2822823770980736,0.14683287562441602,0.059291666666666666,356.0
3.284588970476217,0.13774414218467937,0.05933333333333333,356.25
3.2868955638543604,0.1286318069952881,0.059375,356.5
3.289202157232504,0.11949743140796652,0.059416666666666666,356.75
3.291508750610647,0.11034258055094771,0.05945833333333333,357.0
3.2938153439887903,0.10116882306079668,0.0595,357.25
3.2961219373669337,0.09197773081363252,0.059541666666666666,357.5
3.298428530745077,0.08277087865579635,0.05958333333333333,357.75
3.3007351241232206,0.07354984413400792,0.059625,358.0
3.303041717501364,0.06431620722506289,0.059666666666666666,358.25
3.3053483108795074,0.055071550065110525,0.05970833333333333,358.5
3.307654904257651,0.04581745667856368,0.05975,358.75
3.3099614976357943,0.036555512706684036,0.05979166666666667,359.0
3.3122680910139377,0.027287305135890075,0.05983333333333333,359.25
3.314574684392081,0.018014422025836613,0.059875,359.5
3.3168812777702246,0.008738452237307667,0.05991666666666667,359.75
3.319187871148368,-0.0005390148400266526,0.05995833333333333,360.0
